Loading weights:   0%|          | 0/760 [00:00<?, ?it/s]Loading weights: 100%|██████████| 760/760 [00:00<00:00, 11799.59it/s]
WARNING:root:Hybrid model: only 8/32 blocks resolve 'attn.W_O'. Returning stacked tensor for layers [3, 7, 11, 15, 19, 23, 27, 31] only. Tensor index i corresponds to original layer indices[i], not layer i. For explicit index mapping, use bridge.stack_params_for('attn', 'attn.W_O').
W_O shape (8, 16, 256, 4096)
/root/autodl-tmp/mats-r-lens/work/code/q42_head_attribution.py:97: UserWarning: run_with_cache: skipped 4 gated-off hook name(s) that will never be cached: ['blocks.19.attn.hook_result', 'blocks.23.attn.hook_result', 'blocks.27.attn.hook_result', 'blocks.31.attn.hook_result']. Call the relevant set_use_*(True) setter first to enable them.
  _, clean_cache = model.run_with_cache(tokens, names_filter=lambda x: x in wanted)
/root/autodl-tmp/mats-r-lens/work/code/q42_head_attribution.py:104: UserWarning: run_with_cache: skipped 4 gated-off hook name(s) that will never be cached: ['blocks.19.attn.hook_result', 'blocks.23.attn.hook_result', 'blocks.27.attn.hook_result', 'blocks.31.attn.hook_result']. Call the relevant set_use_*(True) setter first to enable them.
  logits, hooked_cache = model.run_with_cache(tokens, names_filter=lambda x: x in wanted)
WARNING:root:Hybrid model: only 8/32 blocks resolve 'attn.W_O'. Returning stacked tensor for layers [3, 7, 11, 15, 19, 23, 27, 31] only. Tensor index i corresponds to original layer indices[i], not layer i. For explicit index mapping, use bridge.stack_params_for('attn', 'attn.W_O').
[q42] sanity L19: sum_h z_h W_O[h] vs hook_attn_out rel err 0.00136
WARNING:root:Hybrid model: only 8/32 blocks resolve 'attn.W_O'. Returning stacked tensor for layers [3, 7, 11, 15, 19, 23, 27, 31] only. Tensor index i corresponds to original layer indices[i], not layer i. For explicit index mapping, use bridge.stack_params_for('attn', 'attn.W_O').
[q42] sanity L23: sum_h z_h W_O[h] vs hook_attn_out rel err 0.00165
WARNING:root:Hybrid model: only 8/32 blocks resolve 'attn.W_O'. Returning stacked tensor for layers [3, 7, 11, 15, 19, 23, 27, 31] only. Tensor index i corresponds to original layer indices[i], not layer i. For explicit index mapping, use bridge.stack_params_for('attn', 'attn.W_O').
[q42] sanity L27: sum_h z_h W_O[h] vs hook_attn_out rel err 0.00178
WARNING:root:Hybrid model: only 8/32 blocks resolve 'attn.W_O'. Returning stacked tensor for layers [3, 7, 11, 15, 19, 23, 27, 31] only. Tensor index i corresponds to original layer indices[i], not layer i. For explicit index mapping, use bridge.stack_params_for('attn', 'attn.W_O').
[q42] sanity L31: sum_h z_h W_O[h] vs hook_attn_out rel err 0.00166
WARNING:root:Hybrid model: only 8/32 blocks resolve 'attn.W_O'. Returning stacked tensor for layers [3, 7, 11, 15, 19, 23, 27, 31] only. Tensor index i corresponds to original layer indices[i], not layer i. For explicit index mapping, use bridge.stack_params_for('attn', 'attn.W_O').
WARNING:root:Hybrid model: only 8/32 blocks resolve 'attn.W_O'. Returning stacked tensor for layers [3, 7, 11, 15, 19, 23, 27, 31] only. Tensor index i corresponds to original layer indices[i], not layer i. For explicit index mapping, use bridge.stack_params_for('attn', 'attn.W_O').
WARNING:root:Hybrid model: only 8/32 blocks resolve 'attn.W_O'. Returning stacked tensor for layers [3, 7, 11, 15, 19, 23, 27, 31] only. Tensor index i corresponds to original layer indices[i], not layer i. For explicit index mapping, use bridge.stack_params_for('attn', 'attn.W_O').
WARNING:root:Hybrid model: only 8/32 blocks resolve 'attn.W_O'. Returning stacked tensor for layers [3, 7, 11, 15, 19, 23, 27, 31] only. Tensor index i corresponds to original layer indices[i], not layer i. For explicit index mapping, use bridge.stack_params_for('attn', 'attn.W_O').
WARNING:root:Hybrid model: only 8/32 blocks resolve 'attn.W_O'. Returning stacked tensor for layers [3, 7, 11, 15, 19, 23, 27, 31] only. Tensor index i corresponds to original layer indices[i], not layer i. For explicit index mapping, use bridge.stack_params_for('attn', 'attn.W_O').
WARNING:root:Hybrid model: only 8/32 blocks resolve 'attn.W_O'. Returning stacked tensor for layers [3, 7, 11, 15, 19, 23, 27, 31] only. Tensor index i corresponds to original layer indices[i], not layer i. For explicit index mapping, use bridge.stack_params_for('attn', 'attn.W_O').
WARNING:root:Hybrid model: only 8/32 blocks resolve 'attn.W_O'. Returning stacked tensor for layers [3, 7, 11, 15, 19, 23, 27, 31] only. Tensor index i corresponds to original layer indices[i], not layer i. For explicit index mapping, use bridge.stack_params_for('attn', 'attn.W_O').
WARNING:root:Hybrid model: only 8/32 blocks resolve 'attn.W_O'. Returning stacked tensor for layers [3, 7, 11, 15, 19, 23, 27, 31] only. Tensor index i corresponds to original layer indices[i], not layer i. For explicit index mapping, use bridge.stack_params_for('attn', 'attn.W_O').
[q42] 1/59
WARNING:root:Hybrid model: only 8/32 blocks resolve 'attn.W_O'. Returning stacked tensor for layers [3, 7, 11, 15, 19, 23, 27, 31] only. Tensor index i corresponds to original layer indices[i], not layer i. For explicit index mapping, use bridge.stack_params_for('attn', 'attn.W_O').
WARNING:root:Hybrid model: only 8/32 blocks resolve 'attn.W_O'. Returning stacked tensor for layers [3, 7, 11, 15, 19, 23, 27, 31] only. Tensor index i corresponds to original layer indices[i], not layer i. For explicit index mapping, use bridge.stack_params_for('attn', 'attn.W_O').
WARNING:root:Hybrid model: only 8/32 blocks resolve 'attn.W_O'. Returning stacked tensor for layers [3, 7, 11, 15, 19, 23, 27, 31] only. Tensor index i corresponds to original layer indices[i], not layer i. For explicit index mapping, use bridge.stack_params_for('attn', 'attn.W_O').
WARNING:root:Hybrid model: only 8/32 blocks resolve 'attn.W_O'. Returning stacked tensor for layers [3, 7, 11, 15, 19, 23, 27, 31] only. Tensor index i corresponds to original layer indices[i], not layer i. For explicit index mapping, use bridge.stack_params_for('attn', 'attn.W_O').
WARNING:root:Hybrid model: only 8/32 blocks resolve 'attn.W_O'. Returning stacked tensor for layers [3, 7, 11, 15, 19, 23, 27, 31] only. Tensor index i corresponds to original layer indices[i], not layer i. For explicit index mapping, use bridge.stack_params_for('attn', 'attn.W_O').
WARNING:root:Hybrid model: only 8/32 blocks resolve 'attn.W_O'. Returning stacked tensor for layers [3, 7, 11, 15, 19, 23, 27, 31] only. Tensor index i corresponds to original layer indices[i], not layer i. For explicit index mapping, use bridge.stack_params_for('attn', 'attn.W_O').
WARNING:root:Hybrid model: only 8/32 blocks resolve 'attn.W_O'. Returning stacked tensor for layers [3, 7, 11, 15, 19, 23, 27, 31] only. Tensor index i corresponds to original layer indices[i], not layer i. For explicit index mapping, use bridge.stack_params_for('attn', 'attn.W_O').
WARNING:root:Hybrid model: only 8/32 blocks resolve 'attn.W_O'. Returning stacked tensor for layers [3, 7, 11, 15, 19, 23, 27, 31] only. Tensor index i corresponds to original layer indices[i], not layer i. For explicit index mapping, use bridge.stack_params_for('attn', 'attn.W_O').
WARNING:root:Hybrid model: only 8/32 blocks resolve 'attn.W_O'. Returning stacked tensor for layers [3, 7, 11, 15, 19, 23, 27, 31] only. Tensor index i corresponds to original layer indices[i], not layer i. For explicit index mapping, use bridge.stack_params_for('attn', 'attn.W_O').
WARNING:root:Hybrid model: only 8/32 blocks resolve 'attn.W_O'. Returning stacked tensor for layers [3, 7, 11, 15, 19, 23, 27, 31] only. Tensor index i corresponds to original layer indices[i], not layer i. For explicit index mapping, use bridge.stack_params_for('attn', 'attn.W_O').
WARNING:root:Hybrid model: only 8/32 blocks resolve 'attn.W_O'. Returning stacked tensor for layers [3, 7, 11, 15, 19, 23, 27, 31] only. Tensor index i corresponds to original layer indices[i], not layer i. For explicit index mapping, use bridge.stack_params_for('attn', 'attn.W_O').
WARNING:root:Hybrid model: only 8/32 blocks resolve 'attn.W_O'. Returning stacked tensor for layers [3, 7, 11, 15, 19, 23, 27, 31] only. Tensor index i corresponds to original layer indices[i], not layer i. For explicit index mapping, use bridge.stack_params_for('attn', 'attn.W_O').
WARNING:root:Hybrid model: only 8/32 blocks resolve 'attn.W_O'. Returning stacked tensor for layers [3, 7, 11, 15, 19, 23, 27, 31] only. Tensor index i corresponds to original layer indices[i], not layer i. For explicit index mapping, use bridge.stack_params_for('attn', 'attn.W_O').
WARNING:root:Hybrid model: only 8/32 blocks resolve 'attn.W_O'. Returning stacked tensor for layers [3, 7, 11, 15, 19, 23, 27, 31] only. Tensor index i corresponds to original layer indices[i], not layer i. For explicit index mapping, use bridge.stack_params_for('attn', 'attn.W_O').
WARNING:root:Hybrid model: only 8/32 blocks resolve 'attn.W_O'. Returning stacked tensor for layers [3, 7, 11, 15, 19, 23, 27, 31] only. Tensor index i corresponds to original layer indices[i], not layer i. For explicit index mapping, use bridge.stack_params_for('attn', 'attn.W_O').
WARNING:root:Hybrid model: only 8/32 blocks resolve 'attn.W_O'. Returning stacked tensor for layers [3, 7, 11, 15, 19, 23, 27, 31] only. Tensor index i corresponds to original layer indices[i], not layer i. For explicit index mapping, use bridge.stack_params_for('attn', 'attn.W_O').
WARNING:root:Hybrid model: only 8/32 blocks resolve 'attn.W_O'. Returning stacked tensor for layers [3, 7, 11, 15, 19, 23, 27, 31] only. Tensor index i corresponds to original layer indices[i], not layer i. For explicit index mapping, use bridge.stack_params_for('attn', 'attn.W_O').
WARNING:root:Hybrid model: only 8/32 blocks resolve 'attn.W_O'. Returning stacked tensor for layers [3, 7, 11, 15, 19, 23, 27, 31] only. Tensor index i corresponds to original layer indices[i], not layer i. For explicit index mapping, use bridge.stack_params_for('attn', 'attn.W_O').
WARNING:root:Hybrid model: only 8/32 blocks resolve 'attn.W_O'. Returning stacked tensor for layers [3, 7, 11, 15, 19, 23, 27, 31] only. Tensor index i corresponds to original layer indices[i], not layer i. For explicit index mapping, use bridge.stack_params_for('attn', 'attn.W_O').
WARNING:root:Hybrid model: only 8/32 blocks resolve 'attn.W_O'. Returning stacked tensor for layers [3, 7, 11, 15, 19, 23, 27, 31] only. Tensor index i corresponds to original layer indices[i], not layer i. For explicit index mapping, use bridge.stack_params_for('attn', 'attn.W_O').
WARNING:root:Hybrid model: only 8/32 blocks resolve 'attn.W_O'. Returning stacked tensor for layers [3, 7, 11, 15, 19, 23, 27, 31] only. Tensor index i corresponds to original layer indices[i], not layer i. For explicit index mapping, use bridge.stack_params_for('attn', 'attn.W_O').
WARNING:root:Hybrid model: only 8/32 blocks resolve 'attn.W_O'. Returning stacked tensor for layers [3, 7, 11, 15, 19, 23, 27, 31] only. Tensor index i corresponds to original layer indices[i], not layer i. For explicit index mapping, use bridge.stack_params_for('attn', 'attn.W_O').
WARNING:root:Hybrid model: only 8/32 blocks resolve 'attn.W_O'. Returning stacked tensor for layers [3, 7, 11, 15, 19, 23, 27, 31] only. Tensor index i corresponds to original layer indices[i], not layer i. For explicit index mapping, use bridge.stack_params_for('attn', 'attn.W_O').
WARNING:root:Hybrid model: only 8/32 blocks resolve 'attn.W_O'. Returning stacked tensor for layers [3, 7, 11, 15, 19, 23, 27, 31] only. Tensor index i corresponds to original layer indices[i], not layer i. For explicit index mapping, use bridge.stack_params_for('attn', 'attn.W_O').
WARNING:root:Hybrid model: only 8/32 blocks resolve 'attn.W_O'. Returning stacked tensor for layers [3, 7, 11, 15, 19, 23, 27, 31] only. Tensor index i corresponds to original layer indices[i], not layer i. For explicit index mapping, use bridge.stack_params_for('attn', 'attn.W_O').
WARNING:root:Hybrid model: only 8/32 blocks resolve 'attn.W_O'. Returning stacked tensor for layers [3, 7, 11, 15, 19, 23, 27, 31] only. Tensor index i corresponds to original layer indices[i], not layer i. For explicit index mapping, use bridge.stack_params_for('attn', 'attn.W_O').
WARNING:root:Hybrid model: only 8/32 blocks resolve 'attn.W_O'. Returning stacked tensor for layers [3, 7, 11, 15, 19, 23, 27, 31] only. Tensor index i corresponds to original layer indices[i], not layer i. For explicit index mapping, use bridge.stack_params_for('attn', 'attn.W_O').
WARNING:root:Hybrid model: only 8/32 blocks resolve 'attn.W_O'. Returning stacked tensor for layers [3, 7, 11, 15, 19, 23, 27, 31] only. Tensor index i corresponds to original layer indices[i], not layer i. For explicit index mapping, use bridge.stack_params_for('attn', 'attn.W_O').
WARNING:root:Hybrid model: only 8/32 blocks resolve 'attn.W_O'. Returning stacked tensor for layers [3, 7, 11, 15, 19, 23, 27, 31] only. Tensor index i corresponds to original layer indices[i], not layer i. For explicit index mapping, use bridge.stack_params_for('attn', 'attn.W_O').
WARNING:root:Hybrid model: only 8/32 blocks resolve 'attn.W_O'. Returning stacked tensor for layers [3, 7, 11, 15, 19, 23, 27, 31] only. Tensor index i corresponds to original layer indices[i], not layer i. For explicit index mapping, use bridge.stack_params_for('attn', 'attn.W_O').
WARNING:root:Hybrid model: only 8/32 blocks resolve 'attn.W_O'. Returning stacked tensor for layers [3, 7, 11, 15, 19, 23, 27, 31] only. Tensor index i corresponds to original layer indices[i], not layer i. For explicit index mapping, use bridge.stack_params_for('attn', 'attn.W_O').
WARNING:root:Hybrid model: only 8/32 blocks resolve 'attn.W_O'. Returning stacked tensor for layers [3, 7, 11, 15, 19, 23, 27, 31] only. Tensor index i corresponds to original layer indices[i], not layer i. For explicit index mapping, use bridge.stack_params_for('attn', 'attn.W_O').
WARNING:root:Hybrid model: only 8/32 blocks resolve 'attn.W_O'. Returning stacked tensor for layers [3, 7, 11, 15, 19, 23, 27, 31] only. Tensor index i corresponds to original layer indices[i], not layer i. For explicit index mapping, use bridge.stack_params_for('attn', 'attn.W_O').
WARNING:root:Hybrid model: only 8/32 blocks resolve 'attn.W_O'. Returning stacked tensor for layers [3, 7, 11, 15, 19, 23, 27, 31] only. Tensor index i corresponds to original layer indices[i], not layer i. For explicit index mapping, use bridge.stack_params_for('attn', 'attn.W_O').
WARNING:root:Hybrid model: only 8/32 blocks resolve 'attn.W_O'. Returning stacked tensor for layers [3, 7, 11, 15, 19, 23, 27, 31] only. Tensor index i corresponds to original layer indices[i], not layer i. For explicit index mapping, use bridge.stack_params_for('attn', 'attn.W_O').
WARNING:root:Hybrid model: only 8/32 blocks resolve 'attn.W_O'. Returning stacked tensor for layers [3, 7, 11, 15, 19, 23, 27, 31] only. Tensor index i corresponds to original layer indices[i], not layer i. For explicit index mapping, use bridge.stack_params_for('attn', 'attn.W_O').
WARNING:root:Hybrid model: only 8/32 blocks resolve 'attn.W_O'. Returning stacked tensor for layers [3, 7, 11, 15, 19, 23, 27, 31] only. Tensor index i corresponds to original layer indices[i], not layer i. For explicit index mapping, use bridge.stack_params_for('attn', 'attn.W_O').
WARNING:root:Hybrid model: only 8/32 blocks resolve 'attn.W_O'. Returning stacked tensor for layers [3, 7, 11, 15, 19, 23, 27, 31] only. Tensor index i corresponds to original layer indices[i], not layer i. For explicit index mapping, use bridge.stack_params_for('attn', 'attn.W_O').
WARNING:root:Hybrid model: only 8/32 blocks resolve 'attn.W_O'. Returning stacked tensor for layers [3, 7, 11, 15, 19, 23, 27, 31] only. Tensor index i corresponds to original layer indices[i], not layer i. For explicit index mapping, use bridge.stack_params_for('attn', 'attn.W_O').
WARNING:root:Hybrid model: only 8/32 blocks resolve 'attn.W_O'. Returning stacked tensor for layers [3, 7, 11, 15, 19, 23, 27, 31] only. Tensor index i corresponds to original layer indices[i], not layer i. For explicit index mapping, use bridge.stack_params_for('attn', 'attn.W_O').
WARNING:root:Hybrid model: only 8/32 blocks resolve 'attn.W_O'. Returning stacked tensor for layers [3, 7, 11, 15, 19, 23, 27, 31] only. Tensor index i corresponds to original layer indices[i], not layer i. For explicit index mapping, use bridge.stack_params_for('attn', 'attn.W_O').
WARNING:root:Hybrid model: only 8/32 blocks resolve 'attn.W_O'. Returning stacked tensor for layers [3, 7, 11, 15, 19, 23, 27, 31] only. Tensor index i corresponds to original layer indices[i], not layer i. For explicit index mapping, use bridge.stack_params_for('attn', 'attn.W_O').
WARNING:root:Hybrid model: only 8/32 blocks resolve 'attn.W_O'. Returning stacked tensor for layers [3, 7, 11, 15, 19, 23, 27, 31] only. Tensor index i corresponds to original layer indices[i], not layer i. For explicit index mapping, use bridge.stack_params_for('attn', 'attn.W_O').
WARNING:root:Hybrid model: only 8/32 blocks resolve 'attn.W_O'. Returning stacked tensor for layers [3, 7, 11, 15, 19, 23, 27, 31] only. Tensor index i corresponds to original layer indices[i], not layer i. For explicit index mapping, use bridge.stack_params_for('attn', 'attn.W_O').
WARNING:root:Hybrid model: only 8/32 blocks resolve 'attn.W_O'. Returning stacked tensor for layers [3, 7, 11, 15, 19, 23, 27, 31] only. Tensor index i corresponds to original layer indices[i], not layer i. For explicit index mapping, use bridge.stack_params_for('attn', 'attn.W_O').
WARNING:root:Hybrid model: only 8/32 blocks resolve 'attn.W_O'. Returning stacked tensor for layers [3, 7, 11, 15, 19, 23, 27, 31] only. Tensor index i corresponds to original layer indices[i], not layer i. For explicit index mapping, use bridge.stack_params_for('attn', 'attn.W_O').
WARNING:root:Hybrid model: only 8/32 blocks resolve 'attn.W_O'. Returning stacked tensor for layers [3, 7, 11, 15, 19, 23, 27, 31] only. Tensor index i corresponds to original layer indices[i], not layer i. For explicit index mapping, use bridge.stack_params_for('attn', 'attn.W_O').
WARNING:root:Hybrid model: only 8/32 blocks resolve 'attn.W_O'. Returning stacked tensor for layers [3, 7, 11, 15, 19, 23, 27, 31] only. Tensor index i corresponds to original layer indices[i], not layer i. For explicit index mapping, use bridge.stack_params_for('attn', 'attn.W_O').
WARNING:root:Hybrid model: only 8/32 blocks resolve 'attn.W_O'. Returning stacked tensor for layers [3, 7, 11, 15, 19, 23, 27, 31] only. Tensor index i corresponds to original layer indices[i], not layer i. For explicit index mapping, use bridge.stack_params_for('attn', 'attn.W_O').
WARNING:root:Hybrid model: only 8/32 blocks resolve 'attn.W_O'. Returning stacked tensor for layers [3, 7, 11, 15, 19, 23, 27, 31] only. Tensor index i corresponds to original layer indices[i], not layer i. For explicit index mapping, use bridge.stack_params_for('attn', 'attn.W_O').
WARNING:root:Hybrid model: only 8/32 blocks resolve 'attn.W_O'. Returning stacked tensor for layers [3, 7, 11, 15, 19, 23, 27, 31] only. Tensor index i corresponds to original layer indices[i], not layer i. For explicit index mapping, use bridge.stack_params_for('attn', 'attn.W_O').
WARNING:root:Hybrid model: only 8/32 blocks resolve 'attn.W_O'. Returning stacked tensor for layers [3, 7, 11, 15, 19, 23, 27, 31] only. Tensor index i corresponds to original layer indices[i], not layer i. For explicit index mapping, use bridge.stack_params_for('attn', 'attn.W_O').
WARNING:root:Hybrid model: only 8/32 blocks resolve 'attn.W_O'. Returning stacked tensor for layers [3, 7, 11, 15, 19, 23, 27, 31] only. Tensor index i corresponds to original layer indices[i], not layer i. For explicit index mapping, use bridge.stack_params_for('attn', 'attn.W_O').
WARNING:root:Hybrid model: only 8/32 blocks resolve 'attn.W_O'. Returning stacked tensor for layers [3, 7, 11, 15, 19, 23, 27, 31] only. Tensor index i corresponds to original layer indices[i], not layer i. For explicit index mapping, use bridge.stack_params_for('attn', 'attn.W_O').
WARNING:root:Hybrid model: only 8/32 blocks resolve 'attn.W_O'. Returning stacked tensor for layers [3, 7, 11, 15, 19, 23, 27, 31] only. Tensor index i corresponds to original layer indices[i], not layer i. For explicit index mapping, use bridge.stack_params_for('attn', 'attn.W_O').
WARNING:root:Hybrid model: only 8/32 blocks resolve 'attn.W_O'. Returning stacked tensor for layers [3, 7, 11, 15, 19, 23, 27, 31] only. Tensor index i corresponds to original layer indices[i], not layer i. For explicit index mapping, use bridge.stack_params_for('attn', 'attn.W_O').
WARNING:root:Hybrid model: only 8/32 blocks resolve 'attn.W_O'. Returning stacked tensor for layers [3, 7, 11, 15, 19, 23, 27, 31] only. Tensor index i corresponds to original layer indices[i], not layer i. For explicit index mapping, use bridge.stack_params_for('attn', 'attn.W_O').
WARNING:root:Hybrid model: only 8/32 blocks resolve 'attn.W_O'. Returning stacked tensor for layers [3, 7, 11, 15, 19, 23, 27, 31] only. Tensor index i corresponds to original layer indices[i], not layer i. For explicit index mapping, use bridge.stack_params_for('attn', 'attn.W_O').
WARNING:root:Hybrid model: only 8/32 blocks resolve 'attn.W_O'. Returning stacked tensor for layers [3, 7, 11, 15, 19, 23, 27, 31] only. Tensor index i corresponds to original layer indices[i], not layer i. For explicit index mapping, use bridge.stack_params_for('attn', 'attn.W_O').
WARNING:root:Hybrid model: only 8/32 blocks resolve 'attn.W_O'. Returning stacked tensor for layers [3, 7, 11, 15, 19, 23, 27, 31] only. Tensor index i corresponds to original layer indices[i], not layer i. For explicit index mapping, use bridge.stack_params_for('attn', 'attn.W_O').
WARNING:root:Hybrid model: only 8/32 blocks resolve 'attn.W_O'. Returning stacked tensor for layers [3, 7, 11, 15, 19, 23, 27, 31] only. Tensor index i corresponds to original layer indices[i], not layer i. For explicit index mapping, use bridge.stack_params_for('attn', 'attn.W_O').
WARNING:root:Hybrid model: only 8/32 blocks resolve 'attn.W_O'. Returning stacked tensor for layers [3, 7, 11, 15, 19, 23, 27, 31] only. Tensor index i corresponds to original layer indices[i], not layer i. For explicit index mapping, use bridge.stack_params_for('attn', 'attn.W_O').
WARNING:root:Hybrid model: only 8/32 blocks resolve 'attn.W_O'. Returning stacked tensor for layers [3, 7, 11, 15, 19, 23, 27, 31] only. Tensor index i corresponds to original layer indices[i], not layer i. For explicit index mapping, use bridge.stack_params_for('attn', 'attn.W_O').
WARNING:root:Hybrid model: only 8/32 blocks resolve 'attn.W_O'. Returning stacked tensor for layers [3, 7, 11, 15, 19, 23, 27, 31] only. Tensor index i corresponds to original layer indices[i], not layer i. For explicit index mapping, use bridge.stack_params_for('attn', 'attn.W_O').
WARNING:root:Hybrid model: only 8/32 blocks resolve 'attn.W_O'. Returning stacked tensor for layers [3, 7, 11, 15, 19, 23, 27, 31] only. Tensor index i corresponds to original layer indices[i], not layer i. For explicit index mapping, use bridge.stack_params_for('attn', 'attn.W_O').
WARNING:root:Hybrid model: only 8/32 blocks resolve 'attn.W_O'. Returning stacked tensor for layers [3, 7, 11, 15, 19, 23, 27, 31] only. Tensor index i corresponds to original layer indices[i], not layer i. For explicit index mapping, use bridge.stack_params_for('attn', 'attn.W_O').
WARNING:root:Hybrid model: only 8/32 blocks resolve 'attn.W_O'. Returning stacked tensor for layers [3, 7, 11, 15, 19, 23, 27, 31] only. Tensor index i corresponds to original layer indices[i], not layer i. For explicit index mapping, use bridge.stack_params_for('attn', 'attn.W_O').
WARNING:root:Hybrid model: only 8/32 blocks resolve 'attn.W_O'. Returning stacked tensor for layers [3, 7, 11, 15, 19, 23, 27, 31] only. Tensor index i corresponds to original layer indices[i], not layer i. For explicit index mapping, use bridge.stack_params_for('attn', 'attn.W_O').
WARNING:root:Hybrid model: only 8/32 blocks resolve 'attn.W_O'. Returning stacked tensor for layers [3, 7, 11, 15, 19, 23, 27, 31] only. Tensor index i corresponds to original layer indices[i], not layer i. For explicit index mapping, use bridge.stack_params_for('attn', 'attn.W_O').
WARNING:root:Hybrid model: only 8/32 blocks resolve 'attn.W_O'. Returning stacked tensor for layers [3, 7, 11, 15, 19, 23, 27, 31] only. Tensor index i corresponds to original layer indices[i], not layer i. For explicit index mapping, use bridge.stack_params_for('attn', 'attn.W_O').
WARNING:root:Hybrid model: only 8/32 blocks resolve 'attn.W_O'. Returning stacked tensor for layers [3, 7, 11, 15, 19, 23, 27, 31] only. Tensor index i corresponds to original layer indices[i], not layer i. For explicit index mapping, use bridge.stack_params_for('attn', 'attn.W_O').
WARNING:root:Hybrid model: only 8/32 blocks resolve 'attn.W_O'. Returning stacked tensor for layers [3, 7, 11, 15, 19, 23, 27, 31] only. Tensor index i corresponds to original layer indices[i], not layer i. For explicit index mapping, use bridge.stack_params_for('attn', 'attn.W_O').
WARNING:root:Hybrid model: only 8/32 blocks resolve 'attn.W_O'. Returning stacked tensor for layers [3, 7, 11, 15, 19, 23, 27, 31] only. Tensor index i corresponds to original layer indices[i], not layer i. For explicit index mapping, use bridge.stack_params_for('attn', 'attn.W_O').
WARNING:root:Hybrid model: only 8/32 blocks resolve 'attn.W_O'. Returning stacked tensor for layers [3, 7, 11, 15, 19, 23, 27, 31] only. Tensor index i corresponds to original layer indices[i], not layer i. For explicit index mapping, use bridge.stack_params_for('attn', 'attn.W_O').
WARNING:root:Hybrid model: only 8/32 blocks resolve 'attn.W_O'. Returning stacked tensor for layers [3, 7, 11, 15, 19, 23, 27, 31] only. Tensor index i corresponds to original layer indices[i], not layer i. For explicit index mapping, use bridge.stack_params_for('attn', 'attn.W_O').
WARNING:root:Hybrid model: only 8/32 blocks resolve 'attn.W_O'. Returning stacked tensor for layers [3, 7, 11, 15, 19, 23, 27, 31] only. Tensor index i corresponds to original layer indices[i], not layer i. For explicit index mapping, use bridge.stack_params_for('attn', 'attn.W_O').
WARNING:root:Hybrid model: only 8/32 blocks resolve 'attn.W_O'. Returning stacked tensor for layers [3, 7, 11, 15, 19, 23, 27, 31] only. Tensor index i corresponds to original layer indices[i], not layer i. For explicit index mapping, use bridge.stack_params_for('attn', 'attn.W_O').
WARNING:root:Hybrid model: only 8/32 blocks resolve 'attn.W_O'. Returning stacked tensor for layers [3, 7, 11, 15, 19, 23, 27, 31] only. Tensor index i corresponds to original layer indices[i], not layer i. For explicit index mapping, use bridge.stack_params_for('attn', 'attn.W_O').
WARNING:root:Hybrid model: only 8/32 blocks resolve 'attn.W_O'. Returning stacked tensor for layers [3, 7, 11, 15, 19, 23, 27, 31] only. Tensor index i corresponds to original layer indices[i], not layer i. For explicit index mapping, use bridge.stack_params_for('attn', 'attn.W_O').
WARNING:root:Hybrid model: only 8/32 blocks resolve 'attn.W_O'. Returning stacked tensor for layers [3, 7, 11, 15, 19, 23, 27, 31] only. Tensor index i corresponds to original layer indices[i], not layer i. For explicit index mapping, use bridge.stack_params_for('attn', 'attn.W_O').
[q42] 11/59
WARNING:root:Hybrid model: only 8/32 blocks resolve 'attn.W_O'. Returning stacked tensor for layers [3, 7, 11, 15, 19, 23, 27, 31] only. Tensor index i corresponds to original layer indices[i], not layer i. For explicit index mapping, use bridge.stack_params_for('attn', 'attn.W_O').
WARNING:root:Hybrid model: only 8/32 blocks resolve 'attn.W_O'. Returning stacked tensor for layers [3, 7, 11, 15, 19, 23, 27, 31] only. Tensor index i corresponds to original layer indices[i], not layer i. For explicit index mapping, use bridge.stack_params_for('attn', 'attn.W_O').
WARNING:root:Hybrid model: only 8/32 blocks resolve 'attn.W_O'. Returning stacked tensor for layers [3, 7, 11, 15, 19, 23, 27, 31] only. Tensor index i corresponds to original layer indices[i], not layer i. For explicit index mapping, use bridge.stack_params_for('attn', 'attn.W_O').
WARNING:root:Hybrid model: only 8/32 blocks resolve 'attn.W_O'. Returning stacked tensor for layers [3, 7, 11, 15, 19, 23, 27, 31] only. Tensor index i corresponds to original layer indices[i], not layer i. For explicit index mapping, use bridge.stack_params_for('attn', 'attn.W_O').
WARNING:root:Hybrid model: only 8/32 blocks resolve 'attn.W_O'. Returning stacked tensor for layers [3, 7, 11, 15, 19, 23, 27, 31] only. Tensor index i corresponds to original layer indices[i], not layer i. For explicit index mapping, use bridge.stack_params_for('attn', 'attn.W_O').
WARNING:root:Hybrid model: only 8/32 blocks resolve 'attn.W_O'. Returning stacked tensor for layers [3, 7, 11, 15, 19, 23, 27, 31] only. Tensor index i corresponds to original layer indices[i], not layer i. For explicit index mapping, use bridge.stack_params_for('attn', 'attn.W_O').
WARNING:root:Hybrid model: only 8/32 blocks resolve 'attn.W_O'. Returning stacked tensor for layers [3, 7, 11, 15, 19, 23, 27, 31] only. Tensor index i corresponds to original layer indices[i], not layer i. For explicit index mapping, use bridge.stack_params_for('attn', 'attn.W_O').
WARNING:root:Hybrid model: only 8/32 blocks resolve 'attn.W_O'. Returning stacked tensor for layers [3, 7, 11, 15, 19, 23, 27, 31] only. Tensor index i corresponds to original layer indices[i], not layer i. For explicit index mapping, use bridge.stack_params_for('attn', 'attn.W_O').
WARNING:root:Hybrid model: only 8/32 blocks resolve 'attn.W_O'. Returning stacked tensor for layers [3, 7, 11, 15, 19, 23, 27, 31] only. Tensor index i corresponds to original layer indices[i], not layer i. For explicit index mapping, use bridge.stack_params_for('attn', 'attn.W_O').
WARNING:root:Hybrid model: only 8/32 blocks resolve 'attn.W_O'. Returning stacked tensor for layers [3, 7, 11, 15, 19, 23, 27, 31] only. Tensor index i corresponds to original layer indices[i], not layer i. For explicit index mapping, use bridge.stack_params_for('attn', 'attn.W_O').
WARNING:root:Hybrid model: only 8/32 blocks resolve 'attn.W_O'. Returning stacked tensor for layers [3, 7, 11, 15, 19, 23, 27, 31] only. Tensor index i corresponds to original layer indices[i], not layer i. For explicit index mapping, use bridge.stack_params_for('attn', 'attn.W_O').
WARNING:root:Hybrid model: only 8/32 blocks resolve 'attn.W_O'. Returning stacked tensor for layers [3, 7, 11, 15, 19, 23, 27, 31] only. Tensor index i corresponds to original layer indices[i], not layer i. For explicit index mapping, use bridge.stack_params_for('attn', 'attn.W_O').
WARNING:root:Hybrid model: only 8/32 blocks resolve 'attn.W_O'. Returning stacked tensor for layers [3, 7, 11, 15, 19, 23, 27, 31] only. Tensor index i corresponds to original layer indices[i], not layer i. For explicit index mapping, use bridge.stack_params_for('attn', 'attn.W_O').
WARNING:root:Hybrid model: only 8/32 blocks resolve 'attn.W_O'. Returning stacked tensor for layers [3, 7, 11, 15, 19, 23, 27, 31] only. Tensor index i corresponds to original layer indices[i], not layer i. For explicit index mapping, use bridge.stack_params_for('attn', 'attn.W_O').
WARNING:root:Hybrid model: only 8/32 blocks resolve 'attn.W_O'. Returning stacked tensor for layers [3, 7, 11, 15, 19, 23, 27, 31] only. Tensor index i corresponds to original layer indices[i], not layer i. For explicit index mapping, use bridge.stack_params_for('attn', 'attn.W_O').
WARNING:root:Hybrid model: only 8/32 blocks resolve 'attn.W_O'. Returning stacked tensor for layers [3, 7, 11, 15, 19, 23, 27, 31] only. Tensor index i corresponds to original layer indices[i], not layer i. For explicit index mapping, use bridge.stack_params_for('attn', 'attn.W_O').
WARNING:root:Hybrid model: only 8/32 blocks resolve 'attn.W_O'. Returning stacked tensor for layers [3, 7, 11, 15, 19, 23, 27, 31] only. Tensor index i corresponds to original layer indices[i], not layer i. For explicit index mapping, use bridge.stack_params_for('attn', 'attn.W_O').
WARNING:root:Hybrid model: only 8/32 blocks resolve 'attn.W_O'. Returning stacked tensor for layers [3, 7, 11, 15, 19, 23, 27, 31] only. Tensor index i corresponds to original layer indices[i], not layer i. For explicit index mapping, use bridge.stack_params_for('attn', 'attn.W_O').
WARNING:root:Hybrid model: only 8/32 blocks resolve 'attn.W_O'. Returning stacked tensor for layers [3, 7, 11, 15, 19, 23, 27, 31] only. Tensor index i corresponds to original layer indices[i], not layer i. For explicit index mapping, use bridge.stack_params_for('attn', 'attn.W_O').
WARNING:root:Hybrid model: only 8/32 blocks resolve 'attn.W_O'. Returning stacked tensor for layers [3, 7, 11, 15, 19, 23, 27, 31] only. Tensor index i corresponds to original layer indices[i], not layer i. For explicit index mapping, use bridge.stack_params_for('attn', 'attn.W_O').
WARNING:root:Hybrid model: only 8/32 blocks resolve 'attn.W_O'. Returning stacked tensor for layers [3, 7, 11, 15, 19, 23, 27, 31] only. Tensor index i corresponds to original layer indices[i], not layer i. For explicit index mapping, use bridge.stack_params_for('attn', 'attn.W_O').
WARNING:root:Hybrid model: only 8/32 blocks resolve 'attn.W_O'. Returning stacked tensor for layers [3, 7, 11, 15, 19, 23, 27, 31] only. Tensor index i corresponds to original layer indices[i], not layer i. For explicit index mapping, use bridge.stack_params_for('attn', 'attn.W_O').
WARNING:root:Hybrid model: only 8/32 blocks resolve 'attn.W_O'. Returning stacked tensor for layers [3, 7, 11, 15, 19, 23, 27, 31] only. Tensor index i corresponds to original layer indices[i], not layer i. For explicit index mapping, use bridge.stack_params_for('attn', 'attn.W_O').
WARNING:root:Hybrid model: only 8/32 blocks resolve 'attn.W_O'. Returning stacked tensor for layers [3, 7, 11, 15, 19, 23, 27, 31] only. Tensor index i corresponds to original layer indices[i], not layer i. For explicit index mapping, use bridge.stack_params_for('attn', 'attn.W_O').
WARNING:root:Hybrid model: only 8/32 blocks resolve 'attn.W_O'. Returning stacked tensor for layers [3, 7, 11, 15, 19, 23, 27, 31] only. Tensor index i corresponds to original layer indices[i], not layer i. For explicit index mapping, use bridge.stack_params_for('attn', 'attn.W_O').
WARNING:root:Hybrid model: only 8/32 blocks resolve 'attn.W_O'. Returning stacked tensor for layers [3, 7, 11, 15, 19, 23, 27, 31] only. Tensor index i corresponds to original layer indices[i], not layer i. For explicit index mapping, use bridge.stack_params_for('attn', 'attn.W_O').
WARNING:root:Hybrid model: only 8/32 blocks resolve 'attn.W_O'. Returning stacked tensor for layers [3, 7, 11, 15, 19, 23, 27, 31] only. Tensor index i corresponds to original layer indices[i], not layer i. For explicit index mapping, use bridge.stack_params_for('attn', 'attn.W_O').
WARNING:root:Hybrid model: only 8/32 blocks resolve 'attn.W_O'. Returning stacked tensor for layers [3, 7, 11, 15, 19, 23, 27, 31] only. Tensor index i corresponds to original layer indices[i], not layer i. For explicit index mapping, use bridge.stack_params_for('attn', 'attn.W_O').
WARNING:root:Hybrid model: only 8/32 blocks resolve 'attn.W_O'. Returning stacked tensor for layers [3, 7, 11, 15, 19, 23, 27, 31] only. Tensor index i corresponds to original layer indices[i], not layer i. For explicit index mapping, use bridge.stack_params_for('attn', 'attn.W_O').
WARNING:root:Hybrid model: only 8/32 blocks resolve 'attn.W_O'. Returning stacked tensor for layers [3, 7, 11, 15, 19, 23, 27, 31] only. Tensor index i corresponds to original layer indices[i], not layer i. For explicit index mapping, use bridge.stack_params_for('attn', 'attn.W_O').
WARNING:root:Hybrid model: only 8/32 blocks resolve 'attn.W_O'. Returning stacked tensor for layers [3, 7, 11, 15, 19, 23, 27, 31] only. Tensor index i corresponds to original layer indices[i], not layer i. For explicit index mapping, use bridge.stack_params_for('attn', 'attn.W_O').
WARNING:root:Hybrid model: only 8/32 blocks resolve 'attn.W_O'. Returning stacked tensor for layers [3, 7, 11, 15, 19, 23, 27, 31] only. Tensor index i corresponds to original layer indices[i], not layer i. For explicit index mapping, use bridge.stack_params_for('attn', 'attn.W_O').
WARNING:root:Hybrid model: only 8/32 blocks resolve 'attn.W_O'. Returning stacked tensor for layers [3, 7, 11, 15, 19, 23, 27, 31] only. Tensor index i corresponds to original layer indices[i], not layer i. For explicit index mapping, use bridge.stack_params_for('attn', 'attn.W_O').
WARNING:root:Hybrid model: only 8/32 blocks resolve 'attn.W_O'. Returning stacked tensor for layers [3, 7, 11, 15, 19, 23, 27, 31] only. Tensor index i corresponds to original layer indices[i], not layer i. For explicit index mapping, use bridge.stack_params_for('attn', 'attn.W_O').
WARNING:root:Hybrid model: only 8/32 blocks resolve 'attn.W_O'. Returning stacked tensor for layers [3, 7, 11, 15, 19, 23, 27, 31] only. Tensor index i corresponds to original layer indices[i], not layer i. For explicit index mapping, use bridge.stack_params_for('attn', 'attn.W_O').
WARNING:root:Hybrid model: only 8/32 blocks resolve 'attn.W_O'. Returning stacked tensor for layers [3, 7, 11, 15, 19, 23, 27, 31] only. Tensor index i corresponds to original layer indices[i], not layer i. For explicit index mapping, use bridge.stack_params_for('attn', 'attn.W_O').
WARNING:root:Hybrid model: only 8/32 blocks resolve 'attn.W_O'. Returning stacked tensor for layers [3, 7, 11, 15, 19, 23, 27, 31] only. Tensor index i corresponds to original layer indices[i], not layer i. For explicit index mapping, use bridge.stack_params_for('attn', 'attn.W_O').
WARNING:root:Hybrid model: only 8/32 blocks resolve 'attn.W_O'. Returning stacked tensor for layers [3, 7, 11, 15, 19, 23, 27, 31] only. Tensor index i corresponds to original layer indices[i], not layer i. For explicit index mapping, use bridge.stack_params_for('attn', 'attn.W_O').
WARNING:root:Hybrid model: only 8/32 blocks resolve 'attn.W_O'. Returning stacked tensor for layers [3, 7, 11, 15, 19, 23, 27, 31] only. Tensor index i corresponds to original layer indices[i], not layer i. For explicit index mapping, use bridge.stack_params_for('attn', 'attn.W_O').
WARNING:root:Hybrid model: only 8/32 blocks resolve 'attn.W_O'. Returning stacked tensor for layers [3, 7, 11, 15, 19, 23, 27, 31] only. Tensor index i corresponds to original layer indices[i], not layer i. For explicit index mapping, use bridge.stack_params_for('attn', 'attn.W_O').
WARNING:root:Hybrid model: only 8/32 blocks resolve 'attn.W_O'. Returning stacked tensor for layers [3, 7, 11, 15, 19, 23, 27, 31] only. Tensor index i corresponds to original layer indices[i], not layer i. For explicit index mapping, use bridge.stack_params_for('attn', 'attn.W_O').
WARNING:root:Hybrid model: only 8/32 blocks resolve 'attn.W_O'. Returning stacked tensor for layers [3, 7, 11, 15, 19, 23, 27, 31] only. Tensor index i corresponds to original layer indices[i], not layer i. For explicit index mapping, use bridge.stack_params_for('attn', 'attn.W_O').
WARNING:root:Hybrid model: only 8/32 blocks resolve 'attn.W_O'. Returning stacked tensor for layers [3, 7, 11, 15, 19, 23, 27, 31] only. Tensor index i corresponds to original layer indices[i], not layer i. For explicit index mapping, use bridge.stack_params_for('attn', 'attn.W_O').
WARNING:root:Hybrid model: only 8/32 blocks resolve 'attn.W_O'. Returning stacked tensor for layers [3, 7, 11, 15, 19, 23, 27, 31] only. Tensor index i corresponds to original layer indices[i], not layer i. For explicit index mapping, use bridge.stack_params_for('attn', 'attn.W_O').
WARNING:root:Hybrid model: only 8/32 blocks resolve 'attn.W_O'. Returning stacked tensor for layers [3, 7, 11, 15, 19, 23, 27, 31] only. Tensor index i corresponds to original layer indices[i], not layer i. For explicit index mapping, use bridge.stack_params_for('attn', 'attn.W_O').
WARNING:root:Hybrid model: only 8/32 blocks resolve 'attn.W_O'. Returning stacked tensor for layers [3, 7, 11, 15, 19, 23, 27, 31] only. Tensor index i corresponds to original layer indices[i], not layer i. For explicit index mapping, use bridge.stack_params_for('attn', 'attn.W_O').
WARNING:root:Hybrid model: only 8/32 blocks resolve 'attn.W_O'. Returning stacked tensor for layers [3, 7, 11, 15, 19, 23, 27, 31] only. Tensor index i corresponds to original layer indices[i], not layer i. For explicit index mapping, use bridge.stack_params_for('attn', 'attn.W_O').
WARNING:root:Hybrid model: only 8/32 blocks resolve 'attn.W_O'. Returning stacked tensor for layers [3, 7, 11, 15, 19, 23, 27, 31] only. Tensor index i corresponds to original layer indices[i], not layer i. For explicit index mapping, use bridge.stack_params_for('attn', 'attn.W_O').
WARNING:root:Hybrid model: only 8/32 blocks resolve 'attn.W_O'. Returning stacked tensor for layers [3, 7, 11, 15, 19, 23, 27, 31] only. Tensor index i corresponds to original layer indices[i], not layer i. For explicit index mapping, use bridge.stack_params_for('attn', 'attn.W_O').
WARNING:root:Hybrid model: only 8/32 blocks resolve 'attn.W_O'. Returning stacked tensor for layers [3, 7, 11, 15, 19, 23, 27, 31] only. Tensor index i corresponds to original layer indices[i], not layer i. For explicit index mapping, use bridge.stack_params_for('attn', 'attn.W_O').
WARNING:root:Hybrid model: only 8/32 blocks resolve 'attn.W_O'. Returning stacked tensor for layers [3, 7, 11, 15, 19, 23, 27, 31] only. Tensor index i corresponds to original layer indices[i], not layer i. For explicit index mapping, use bridge.stack_params_for('attn', 'attn.W_O').
WARNING:root:Hybrid model: only 8/32 blocks resolve 'attn.W_O'. Returning stacked tensor for layers [3, 7, 11, 15, 19, 23, 27, 31] only. Tensor index i corresponds to original layer indices[i], not layer i. For explicit index mapping, use bridge.stack_params_for('attn', 'attn.W_O').
WARNING:root:Hybrid model: only 8/32 blocks resolve 'attn.W_O'. Returning stacked tensor for layers [3, 7, 11, 15, 19, 23, 27, 31] only. Tensor index i corresponds to original layer indices[i], not layer i. For explicit index mapping, use bridge.stack_params_for('attn', 'attn.W_O').
WARNING:root:Hybrid model: only 8/32 blocks resolve 'attn.W_O'. Returning stacked tensor for layers [3, 7, 11, 15, 19, 23, 27, 31] only. Tensor index i corresponds to original layer indices[i], not layer i. For explicit index mapping, use bridge.stack_params_for('attn', 'attn.W_O').
WARNING:root:Hybrid model: only 8/32 blocks resolve 'attn.W_O'. Returning stacked tensor for layers [3, 7, 11, 15, 19, 23, 27, 31] only. Tensor index i corresponds to original layer indices[i], not layer i. For explicit index mapping, use bridge.stack_params_for('attn', 'attn.W_O').
WARNING:root:Hybrid model: only 8/32 blocks resolve 'attn.W_O'. Returning stacked tensor for layers [3, 7, 11, 15, 19, 23, 27, 31] only. Tensor index i corresponds to original layer indices[i], not layer i. For explicit index mapping, use bridge.stack_params_for('attn', 'attn.W_O').
WARNING:root:Hybrid model: only 8/32 blocks resolve 'attn.W_O'. Returning stacked tensor for layers [3, 7, 11, 15, 19, 23, 27, 31] only. Tensor index i corresponds to original layer indices[i], not layer i. For explicit index mapping, use bridge.stack_params_for('attn', 'attn.W_O').
WARNING:root:Hybrid model: only 8/32 blocks resolve 'attn.W_O'. Returning stacked tensor for layers [3, 7, 11, 15, 19, 23, 27, 31] only. Tensor index i corresponds to original layer indices[i], not layer i. For explicit index mapping, use bridge.stack_params_for('attn', 'attn.W_O').
WARNING:root:Hybrid model: only 8/32 blocks resolve 'attn.W_O'. Returning stacked tensor for layers [3, 7, 11, 15, 19, 23, 27, 31] only. Tensor index i corresponds to original layer indices[i], not layer i. For explicit index mapping, use bridge.stack_params_for('attn', 'attn.W_O').
WARNING:root:Hybrid model: only 8/32 blocks resolve 'attn.W_O'. Returning stacked tensor for layers [3, 7, 11, 15, 19, 23, 27, 31] only. Tensor index i corresponds to original layer indices[i], not layer i. For explicit index mapping, use bridge.stack_params_for('attn', 'attn.W_O').
WARNING:root:Hybrid model: only 8/32 blocks resolve 'attn.W_O'. Returning stacked tensor for layers [3, 7, 11, 15, 19, 23, 27, 31] only. Tensor index i corresponds to original layer indices[i], not layer i. For explicit index mapping, use bridge.stack_params_for('attn', 'attn.W_O').
WARNING:root:Hybrid model: only 8/32 blocks resolve 'attn.W_O'. Returning stacked tensor for layers [3, 7, 11, 15, 19, 23, 27, 31] only. Tensor index i corresponds to original layer indices[i], not layer i. For explicit index mapping, use bridge.stack_params_for('attn', 'attn.W_O').
WARNING:root:Hybrid model: only 8/32 blocks resolve 'attn.W_O'. Returning stacked tensor for layers [3, 7, 11, 15, 19, 23, 27, 31] only. Tensor index i corresponds to original layer indices[i], not layer i. For explicit index mapping, use bridge.stack_params_for('attn', 'attn.W_O').
WARNING:root:Hybrid model: only 8/32 blocks resolve 'attn.W_O'. Returning stacked tensor for layers [3, 7, 11, 15, 19, 23, 27, 31] only. Tensor index i corresponds to original layer indices[i], not layer i. For explicit index mapping, use bridge.stack_params_for('attn', 'attn.W_O').
WARNING:root:Hybrid model: only 8/32 blocks resolve 'attn.W_O'. Returning stacked tensor for layers [3, 7, 11, 15, 19, 23, 27, 31] only. Tensor index i corresponds to original layer indices[i], not layer i. For explicit index mapping, use bridge.stack_params_for('attn', 'attn.W_O').
WARNING:root:Hybrid model: only 8/32 blocks resolve 'attn.W_O'. Returning stacked tensor for layers [3, 7, 11, 15, 19, 23, 27, 31] only. Tensor index i corresponds to original layer indices[i], not layer i. For explicit index mapping, use bridge.stack_params_for('attn', 'attn.W_O').
WARNING:root:Hybrid model: only 8/32 blocks resolve 'attn.W_O'. Returning stacked tensor for layers [3, 7, 11, 15, 19, 23, 27, 31] only. Tensor index i corresponds to original layer indices[i], not layer i. For explicit index mapping, use bridge.stack_params_for('attn', 'attn.W_O').
WARNING:root:Hybrid model: only 8/32 blocks resolve 'attn.W_O'. Returning stacked tensor for layers [3, 7, 11, 15, 19, 23, 27, 31] only. Tensor index i corresponds to original layer indices[i], not layer i. For explicit index mapping, use bridge.stack_params_for('attn', 'attn.W_O').
WARNING:root:Hybrid model: only 8/32 blocks resolve 'attn.W_O'. Returning stacked tensor for layers [3, 7, 11, 15, 19, 23, 27, 31] only. Tensor index i corresponds to original layer indices[i], not layer i. For explicit index mapping, use bridge.stack_params_for('attn', 'attn.W_O').
WARNING:root:Hybrid model: only 8/32 blocks resolve 'attn.W_O'. Returning stacked tensor for layers [3, 7, 11, 15, 19, 23, 27, 31] only. Tensor index i corresponds to original layer indices[i], not layer i. For explicit index mapping, use bridge.stack_params_for('attn', 'attn.W_O').
WARNING:root:Hybrid model: only 8/32 blocks resolve 'attn.W_O'. Returning stacked tensor for layers [3, 7, 11, 15, 19, 23, 27, 31] only. Tensor index i corresponds to original layer indices[i], not layer i. For explicit index mapping, use bridge.stack_params_for('attn', 'attn.W_O').
WARNING:root:Hybrid model: only 8/32 blocks resolve 'attn.W_O'. Returning stacked tensor for layers [3, 7, 11, 15, 19, 23, 27, 31] only. Tensor index i corresponds to original layer indices[i], not layer i. For explicit index mapping, use bridge.stack_params_for('attn', 'attn.W_O').
WARNING:root:Hybrid model: only 8/32 blocks resolve 'attn.W_O'. Returning stacked tensor for layers [3, 7, 11, 15, 19, 23, 27, 31] only. Tensor index i corresponds to original layer indices[i], not layer i. For explicit index mapping, use bridge.stack_params_for('attn', 'attn.W_O').
WARNING:root:Hybrid model: only 8/32 blocks resolve 'attn.W_O'. Returning stacked tensor for layers [3, 7, 11, 15, 19, 23, 27, 31] only. Tensor index i corresponds to original layer indices[i], not layer i. For explicit index mapping, use bridge.stack_params_for('attn', 'attn.W_O').
WARNING:root:Hybrid model: only 8/32 blocks resolve 'attn.W_O'. Returning stacked tensor for layers [3, 7, 11, 15, 19, 23, 27, 31] only. Tensor index i corresponds to original layer indices[i], not layer i. For explicit index mapping, use bridge.stack_params_for('attn', 'attn.W_O').
WARNING:root:Hybrid model: only 8/32 blocks resolve 'attn.W_O'. Returning stacked tensor for layers [3, 7, 11, 15, 19, 23, 27, 31] only. Tensor index i corresponds to original layer indices[i], not layer i. For explicit index mapping, use bridge.stack_params_for('attn', 'attn.W_O').
WARNING:root:Hybrid model: only 8/32 blocks resolve 'attn.W_O'. Returning stacked tensor for layers [3, 7, 11, 15, 19, 23, 27, 31] only. Tensor index i corresponds to original layer indices[i], not layer i. For explicit index mapping, use bridge.stack_params_for('attn', 'attn.W_O').
WARNING:root:Hybrid model: only 8/32 blocks resolve 'attn.W_O'. Returning stacked tensor for layers [3, 7, 11, 15, 19, 23, 27, 31] only. Tensor index i corresponds to original layer indices[i], not layer i. For explicit index mapping, use bridge.stack_params_for('attn', 'attn.W_O').
WARNING:root:Hybrid model: only 8/32 blocks resolve 'attn.W_O'. Returning stacked tensor for layers [3, 7, 11, 15, 19, 23, 27, 31] only. Tensor index i corresponds to original layer indices[i], not layer i. For explicit index mapping, use bridge.stack_params_for('attn', 'attn.W_O').
WARNING:root:Hybrid model: only 8/32 blocks resolve 'attn.W_O'. Returning stacked tensor for layers [3, 7, 11, 15, 19, 23, 27, 31] only. Tensor index i corresponds to original layer indices[i], not layer i. For explicit index mapping, use bridge.stack_params_for('attn', 'attn.W_O').
[q42] 21/59
WARNING:root:Hybrid model: only 8/32 blocks resolve 'attn.W_O'. Returning stacked tensor for layers [3, 7, 11, 15, 19, 23, 27, 31] only. Tensor index i corresponds to original layer indices[i], not layer i. For explicit index mapping, use bridge.stack_params_for('attn', 'attn.W_O').
WARNING:root:Hybrid model: only 8/32 blocks resolve 'attn.W_O'. Returning stacked tensor for layers [3, 7, 11, 15, 19, 23, 27, 31] only. Tensor index i corresponds to original layer indices[i], not layer i. For explicit index mapping, use bridge.stack_params_for('attn', 'attn.W_O').
WARNING:root:Hybrid model: only 8/32 blocks resolve 'attn.W_O'. Returning stacked tensor for layers [3, 7, 11, 15, 19, 23, 27, 31] only. Tensor index i corresponds to original layer indices[i], not layer i. For explicit index mapping, use bridge.stack_params_for('attn', 'attn.W_O').
WARNING:root:Hybrid model: only 8/32 blocks resolve 'attn.W_O'. Returning stacked tensor for layers [3, 7, 11, 15, 19, 23, 27, 31] only. Tensor index i corresponds to original layer indices[i], not layer i. For explicit index mapping, use bridge.stack_params_for('attn', 'attn.W_O').
WARNING:root:Hybrid model: only 8/32 blocks resolve 'attn.W_O'. Returning stacked tensor for layers [3, 7, 11, 15, 19, 23, 27, 31] only. Tensor index i corresponds to original layer indices[i], not layer i. For explicit index mapping, use bridge.stack_params_for('attn', 'attn.W_O').
WARNING:root:Hybrid model: only 8/32 blocks resolve 'attn.W_O'. Returning stacked tensor for layers [3, 7, 11, 15, 19, 23, 27, 31] only. Tensor index i corresponds to original layer indices[i], not layer i. For explicit index mapping, use bridge.stack_params_for('attn', 'attn.W_O').
WARNING:root:Hybrid model: only 8/32 blocks resolve 'attn.W_O'. Returning stacked tensor for layers [3, 7, 11, 15, 19, 23, 27, 31] only. Tensor index i corresponds to original layer indices[i], not layer i. For explicit index mapping, use bridge.stack_params_for('attn', 'attn.W_O').
WARNING:root:Hybrid model: only 8/32 blocks resolve 'attn.W_O'. Returning stacked tensor for layers [3, 7, 11, 15, 19, 23, 27, 31] only. Tensor index i corresponds to original layer indices[i], not layer i. For explicit index mapping, use bridge.stack_params_for('attn', 'attn.W_O').
WARNING:root:Hybrid model: only 8/32 blocks resolve 'attn.W_O'. Returning stacked tensor for layers [3, 7, 11, 15, 19, 23, 27, 31] only. Tensor index i corresponds to original layer indices[i], not layer i. For explicit index mapping, use bridge.stack_params_for('attn', 'attn.W_O').
WARNING:root:Hybrid model: only 8/32 blocks resolve 'attn.W_O'. Returning stacked tensor for layers [3, 7, 11, 15, 19, 23, 27, 31] only. Tensor index i corresponds to original layer indices[i], not layer i. For explicit index mapping, use bridge.stack_params_for('attn', 'attn.W_O').
WARNING:root:Hybrid model: only 8/32 blocks resolve 'attn.W_O'. Returning stacked tensor for layers [3, 7, 11, 15, 19, 23, 27, 31] only. Tensor index i corresponds to original layer indices[i], not layer i. For explicit index mapping, use bridge.stack_params_for('attn', 'attn.W_O').
WARNING:root:Hybrid model: only 8/32 blocks resolve 'attn.W_O'. Returning stacked tensor for layers [3, 7, 11, 15, 19, 23, 27, 31] only. Tensor index i corresponds to original layer indices[i], not layer i. For explicit index mapping, use bridge.stack_params_for('attn', 'attn.W_O').
WARNING:root:Hybrid model: only 8/32 blocks resolve 'attn.W_O'. Returning stacked tensor for layers [3, 7, 11, 15, 19, 23, 27, 31] only. Tensor index i corresponds to original layer indices[i], not layer i. For explicit index mapping, use bridge.stack_params_for('attn', 'attn.W_O').
WARNING:root:Hybrid model: only 8/32 blocks resolve 'attn.W_O'. Returning stacked tensor for layers [3, 7, 11, 15, 19, 23, 27, 31] only. Tensor index i corresponds to original layer indices[i], not layer i. For explicit index mapping, use bridge.stack_params_for('attn', 'attn.W_O').
WARNING:root:Hybrid model: only 8/32 blocks resolve 'attn.W_O'. Returning stacked tensor for layers [3, 7, 11, 15, 19, 23, 27, 31] only. Tensor index i corresponds to original layer indices[i], not layer i. For explicit index mapping, use bridge.stack_params_for('attn', 'attn.W_O').
WARNING:root:Hybrid model: only 8/32 blocks resolve 'attn.W_O'. Returning stacked tensor for layers [3, 7, 11, 15, 19, 23, 27, 31] only. Tensor index i corresponds to original layer indices[i], not layer i. For explicit index mapping, use bridge.stack_params_for('attn', 'attn.W_O').
WARNING:root:Hybrid model: only 8/32 blocks resolve 'attn.W_O'. Returning stacked tensor for layers [3, 7, 11, 15, 19, 23, 27, 31] only. Tensor index i corresponds to original layer indices[i], not layer i. For explicit index mapping, use bridge.stack_params_for('attn', 'attn.W_O').
WARNING:root:Hybrid model: only 8/32 blocks resolve 'attn.W_O'. Returning stacked tensor for layers [3, 7, 11, 15, 19, 23, 27, 31] only. Tensor index i corresponds to original layer indices[i], not layer i. For explicit index mapping, use bridge.stack_params_for('attn', 'attn.W_O').
WARNING:root:Hybrid model: only 8/32 blocks resolve 'attn.W_O'. Returning stacked tensor for layers [3, 7, 11, 15, 19, 23, 27, 31] only. Tensor index i corresponds to original layer indices[i], not layer i. For explicit index mapping, use bridge.stack_params_for('attn', 'attn.W_O').
WARNING:root:Hybrid model: only 8/32 blocks resolve 'attn.W_O'. Returning stacked tensor for layers [3, 7, 11, 15, 19, 23, 27, 31] only. Tensor index i corresponds to original layer indices[i], not layer i. For explicit index mapping, use bridge.stack_params_for('attn', 'attn.W_O').
WARNING:root:Hybrid model: only 8/32 blocks resolve 'attn.W_O'. Returning stacked tensor for layers [3, 7, 11, 15, 19, 23, 27, 31] only. Tensor index i corresponds to original layer indices[i], not layer i. For explicit index mapping, use bridge.stack_params_for('attn', 'attn.W_O').
WARNING:root:Hybrid model: only 8/32 blocks resolve 'attn.W_O'. Returning stacked tensor for layers [3, 7, 11, 15, 19, 23, 27, 31] only. Tensor index i corresponds to original layer indices[i], not layer i. For explicit index mapping, use bridge.stack_params_for('attn', 'attn.W_O').
WARNING:root:Hybrid model: only 8/32 blocks resolve 'attn.W_O'. Returning stacked tensor for layers [3, 7, 11, 15, 19, 23, 27, 31] only. Tensor index i corresponds to original layer indices[i], not layer i. For explicit index mapping, use bridge.stack_params_for('attn', 'attn.W_O').
WARNING:root:Hybrid model: only 8/32 blocks resolve 'attn.W_O'. Returning stacked tensor for layers [3, 7, 11, 15, 19, 23, 27, 31] only. Tensor index i corresponds to original layer indices[i], not layer i. For explicit index mapping, use bridge.stack_params_for('attn', 'attn.W_O').
WARNING:root:Hybrid model: only 8/32 blocks resolve 'attn.W_O'. Returning stacked tensor for layers [3, 7, 11, 15, 19, 23, 27, 31] only. Tensor index i corresponds to original layer indices[i], not layer i. For explicit index mapping, use bridge.stack_params_for('attn', 'attn.W_O').
WARNING:root:Hybrid model: only 8/32 blocks resolve 'attn.W_O'. Returning stacked tensor for layers [3, 7, 11, 15, 19, 23, 27, 31] only. Tensor index i corresponds to original layer indices[i], not layer i. For explicit index mapping, use bridge.stack_params_for('attn', 'attn.W_O').
WARNING:root:Hybrid model: only 8/32 blocks resolve 'attn.W_O'. Returning stacked tensor for layers [3, 7, 11, 15, 19, 23, 27, 31] only. Tensor index i corresponds to original layer indices[i], not layer i. For explicit index mapping, use bridge.stack_params_for('attn', 'attn.W_O').
WARNING:root:Hybrid model: only 8/32 blocks resolve 'attn.W_O'. Returning stacked tensor for layers [3, 7, 11, 15, 19, 23, 27, 31] only. Tensor index i corresponds to original layer indices[i], not layer i. For explicit index mapping, use bridge.stack_params_for('attn', 'attn.W_O').
WARNING:root:Hybrid model: only 8/32 blocks resolve 'attn.W_O'. Returning stacked tensor for layers [3, 7, 11, 15, 19, 23, 27, 31] only. Tensor index i corresponds to original layer indices[i], not layer i. For explicit index mapping, use bridge.stack_params_for('attn', 'attn.W_O').
WARNING:root:Hybrid model: only 8/32 blocks resolve 'attn.W_O'. Returning stacked tensor for layers [3, 7, 11, 15, 19, 23, 27, 31] only. Tensor index i corresponds to original layer indices[i], not layer i. For explicit index mapping, use bridge.stack_params_for('attn', 'attn.W_O').
WARNING:root:Hybrid model: only 8/32 blocks resolve 'attn.W_O'. Returning stacked tensor for layers [3, 7, 11, 15, 19, 23, 27, 31] only. Tensor index i corresponds to original layer indices[i], not layer i. For explicit index mapping, use bridge.stack_params_for('attn', 'attn.W_O').
WARNING:root:Hybrid model: only 8/32 blocks resolve 'attn.W_O'. Returning stacked tensor for layers [3, 7, 11, 15, 19, 23, 27, 31] only. Tensor index i corresponds to original layer indices[i], not layer i. For explicit index mapping, use bridge.stack_params_for('attn', 'attn.W_O').
WARNING:root:Hybrid model: only 8/32 blocks resolve 'attn.W_O'. Returning stacked tensor for layers [3, 7, 11, 15, 19, 23, 27, 31] only. Tensor index i corresponds to original layer indices[i], not layer i. For explicit index mapping, use bridge.stack_params_for('attn', 'attn.W_O').
WARNING:root:Hybrid model: only 8/32 blocks resolve 'attn.W_O'. Returning stacked tensor for layers [3, 7, 11, 15, 19, 23, 27, 31] only. Tensor index i corresponds to original layer indices[i], not layer i. For explicit index mapping, use bridge.stack_params_for('attn', 'attn.W_O').
WARNING:root:Hybrid model: only 8/32 blocks resolve 'attn.W_O'. Returning stacked tensor for layers [3, 7, 11, 15, 19, 23, 27, 31] only. Tensor index i corresponds to original layer indices[i], not layer i. For explicit index mapping, use bridge.stack_params_for('attn', 'attn.W_O').
WARNING:root:Hybrid model: only 8/32 blocks resolve 'attn.W_O'. Returning stacked tensor for layers [3, 7, 11, 15, 19, 23, 27, 31] only. Tensor index i corresponds to original layer indices[i], not layer i. For explicit index mapping, use bridge.stack_params_for('attn', 'attn.W_O').
WARNING:root:Hybrid model: only 8/32 blocks resolve 'attn.W_O'. Returning stacked tensor for layers [3, 7, 11, 15, 19, 23, 27, 31] only. Tensor index i corresponds to original layer indices[i], not layer i. For explicit index mapping, use bridge.stack_params_for('attn', 'attn.W_O').
WARNING:root:Hybrid model: only 8/32 blocks resolve 'attn.W_O'. Returning stacked tensor for layers [3, 7, 11, 15, 19, 23, 27, 31] only. Tensor index i corresponds to original layer indices[i], not layer i. For explicit index mapping, use bridge.stack_params_for('attn', 'attn.W_O').
WARNING:root:Hybrid model: only 8/32 blocks resolve 'attn.W_O'. Returning stacked tensor for layers [3, 7, 11, 15, 19, 23, 27, 31] only. Tensor index i corresponds to original layer indices[i], not layer i. For explicit index mapping, use bridge.stack_params_for('attn', 'attn.W_O').
WARNING:root:Hybrid model: only 8/32 blocks resolve 'attn.W_O'. Returning stacked tensor for layers [3, 7, 11, 15, 19, 23, 27, 31] only. Tensor index i corresponds to original layer indices[i], not layer i. For explicit index mapping, use bridge.stack_params_for('attn', 'attn.W_O').
WARNING:root:Hybrid model: only 8/32 blocks resolve 'attn.W_O'. Returning stacked tensor for layers [3, 7, 11, 15, 19, 23, 27, 31] only. Tensor index i corresponds to original layer indices[i], not layer i. For explicit index mapping, use bridge.stack_params_for('attn', 'attn.W_O').
WARNING:root:Hybrid model: only 8/32 blocks resolve 'attn.W_O'. Returning stacked tensor for layers [3, 7, 11, 15, 19, 23, 27, 31] only. Tensor index i corresponds to original layer indices[i], not layer i. For explicit index mapping, use bridge.stack_params_for('attn', 'attn.W_O').
WARNING:root:Hybrid model: only 8/32 blocks resolve 'attn.W_O'. Returning stacked tensor for layers [3, 7, 11, 15, 19, 23, 27, 31] only. Tensor index i corresponds to original layer indices[i], not layer i. For explicit index mapping, use bridge.stack_params_for('attn', 'attn.W_O').
WARNING:root:Hybrid model: only 8/32 blocks resolve 'attn.W_O'. Returning stacked tensor for layers [3, 7, 11, 15, 19, 23, 27, 31] only. Tensor index i corresponds to original layer indices[i], not layer i. For explicit index mapping, use bridge.stack_params_for('attn', 'attn.W_O').
WARNING:root:Hybrid model: only 8/32 blocks resolve 'attn.W_O'. Returning stacked tensor for layers [3, 7, 11, 15, 19, 23, 27, 31] only. Tensor index i corresponds to original layer indices[i], not layer i. For explicit index mapping, use bridge.stack_params_for('attn', 'attn.W_O').
WARNING:root:Hybrid model: only 8/32 blocks resolve 'attn.W_O'. Returning stacked tensor for layers [3, 7, 11, 15, 19, 23, 27, 31] only. Tensor index i corresponds to original layer indices[i], not layer i. For explicit index mapping, use bridge.stack_params_for('attn', 'attn.W_O').
WARNING:root:Hybrid model: only 8/32 blocks resolve 'attn.W_O'. Returning stacked tensor for layers [3, 7, 11, 15, 19, 23, 27, 31] only. Tensor index i corresponds to original layer indices[i], not layer i. For explicit index mapping, use bridge.stack_params_for('attn', 'attn.W_O').
WARNING:root:Hybrid model: only 8/32 blocks resolve 'attn.W_O'. Returning stacked tensor for layers [3, 7, 11, 15, 19, 23, 27, 31] only. Tensor index i corresponds to original layer indices[i], not layer i. For explicit index mapping, use bridge.stack_params_for('attn', 'attn.W_O').
WARNING:root:Hybrid model: only 8/32 blocks resolve 'attn.W_O'. Returning stacked tensor for layers [3, 7, 11, 15, 19, 23, 27, 31] only. Tensor index i corresponds to original layer indices[i], not layer i. For explicit index mapping, use bridge.stack_params_for('attn', 'attn.W_O').
WARNING:root:Hybrid model: only 8/32 blocks resolve 'attn.W_O'. Returning stacked tensor for layers [3, 7, 11, 15, 19, 23, 27, 31] only. Tensor index i corresponds to original layer indices[i], not layer i. For explicit index mapping, use bridge.stack_params_for('attn', 'attn.W_O').
WARNING:root:Hybrid model: only 8/32 blocks resolve 'attn.W_O'. Returning stacked tensor for layers [3, 7, 11, 15, 19, 23, 27, 31] only. Tensor index i corresponds to original layer indices[i], not layer i. For explicit index mapping, use bridge.stack_params_for('attn', 'attn.W_O').
WARNING:root:Hybrid model: only 8/32 blocks resolve 'attn.W_O'. Returning stacked tensor for layers [3, 7, 11, 15, 19, 23, 27, 31] only. Tensor index i corresponds to original layer indices[i], not layer i. For explicit index mapping, use bridge.stack_params_for('attn', 'attn.W_O').
WARNING:root:Hybrid model: only 8/32 blocks resolve 'attn.W_O'. Returning stacked tensor for layers [3, 7, 11, 15, 19, 23, 27, 31] only. Tensor index i corresponds to original layer indices[i], not layer i. For explicit index mapping, use bridge.stack_params_for('attn', 'attn.W_O').
WARNING:root:Hybrid model: only 8/32 blocks resolve 'attn.W_O'. Returning stacked tensor for layers [3, 7, 11, 15, 19, 23, 27, 31] only. Tensor index i corresponds to original layer indices[i], not layer i. For explicit index mapping, use bridge.stack_params_for('attn', 'attn.W_O').
WARNING:root:Hybrid model: only 8/32 blocks resolve 'attn.W_O'. Returning stacked tensor for layers [3, 7, 11, 15, 19, 23, 27, 31] only. Tensor index i corresponds to original layer indices[i], not layer i. For explicit index mapping, use bridge.stack_params_for('attn', 'attn.W_O').
WARNING:root:Hybrid model: only 8/32 blocks resolve 'attn.W_O'. Returning stacked tensor for layers [3, 7, 11, 15, 19, 23, 27, 31] only. Tensor index i corresponds to original layer indices[i], not layer i. For explicit index mapping, use bridge.stack_params_for('attn', 'attn.W_O').
WARNING:root:Hybrid model: only 8/32 blocks resolve 'attn.W_O'. Returning stacked tensor for layers [3, 7, 11, 15, 19, 23, 27, 31] only. Tensor index i corresponds to original layer indices[i], not layer i. For explicit index mapping, use bridge.stack_params_for('attn', 'attn.W_O').
WARNING:root:Hybrid model: only 8/32 blocks resolve 'attn.W_O'. Returning stacked tensor for layers [3, 7, 11, 15, 19, 23, 27, 31] only. Tensor index i corresponds to original layer indices[i], not layer i. For explicit index mapping, use bridge.stack_params_for('attn', 'attn.W_O').
WARNING:root:Hybrid model: only 8/32 blocks resolve 'attn.W_O'. Returning stacked tensor for layers [3, 7, 11, 15, 19, 23, 27, 31] only. Tensor index i corresponds to original layer indices[i], not layer i. For explicit index mapping, use bridge.stack_params_for('attn', 'attn.W_O').
WARNING:root:Hybrid model: only 8/32 blocks resolve 'attn.W_O'. Returning stacked tensor for layers [3, 7, 11, 15, 19, 23, 27, 31] only. Tensor index i corresponds to original layer indices[i], not layer i. For explicit index mapping, use bridge.stack_params_for('attn', 'attn.W_O').
WARNING:root:Hybrid model: only 8/32 blocks resolve 'attn.W_O'. Returning stacked tensor for layers [3, 7, 11, 15, 19, 23, 27, 31] only. Tensor index i corresponds to original layer indices[i], not layer i. For explicit index mapping, use bridge.stack_params_for('attn', 'attn.W_O').
WARNING:root:Hybrid model: only 8/32 blocks resolve 'attn.W_O'. Returning stacked tensor for layers [3, 7, 11, 15, 19, 23, 27, 31] only. Tensor index i corresponds to original layer indices[i], not layer i. For explicit index mapping, use bridge.stack_params_for('attn', 'attn.W_O').
WARNING:root:Hybrid model: only 8/32 blocks resolve 'attn.W_O'. Returning stacked tensor for layers [3, 7, 11, 15, 19, 23, 27, 31] only. Tensor index i corresponds to original layer indices[i], not layer i. For explicit index mapping, use bridge.stack_params_for('attn', 'attn.W_O').
WARNING:root:Hybrid model: only 8/32 blocks resolve 'attn.W_O'. Returning stacked tensor for layers [3, 7, 11, 15, 19, 23, 27, 31] only. Tensor index i corresponds to original layer indices[i], not layer i. For explicit index mapping, use bridge.stack_params_for('attn', 'attn.W_O').
WARNING:root:Hybrid model: only 8/32 blocks resolve 'attn.W_O'. Returning stacked tensor for layers [3, 7, 11, 15, 19, 23, 27, 31] only. Tensor index i corresponds to original layer indices[i], not layer i. For explicit index mapping, use bridge.stack_params_for('attn', 'attn.W_O').
WARNING:root:Hybrid model: only 8/32 blocks resolve 'attn.W_O'. Returning stacked tensor for layers [3, 7, 11, 15, 19, 23, 27, 31] only. Tensor index i corresponds to original layer indices[i], not layer i. For explicit index mapping, use bridge.stack_params_for('attn', 'attn.W_O').
WARNING:root:Hybrid model: only 8/32 blocks resolve 'attn.W_O'. Returning stacked tensor for layers [3, 7, 11, 15, 19, 23, 27, 31] only. Tensor index i corresponds to original layer indices[i], not layer i. For explicit index mapping, use bridge.stack_params_for('attn', 'attn.W_O').
WARNING:root:Hybrid model: only 8/32 blocks resolve 'attn.W_O'. Returning stacked tensor for layers [3, 7, 11, 15, 19, 23, 27, 31] only. Tensor index i corresponds to original layer indices[i], not layer i. For explicit index mapping, use bridge.stack_params_for('attn', 'attn.W_O').
WARNING:root:Hybrid model: only 8/32 blocks resolve 'attn.W_O'. Returning stacked tensor for layers [3, 7, 11, 15, 19, 23, 27, 31] only. Tensor index i corresponds to original layer indices[i], not layer i. For explicit index mapping, use bridge.stack_params_for('attn', 'attn.W_O').
WARNING:root:Hybrid model: only 8/32 blocks resolve 'attn.W_O'. Returning stacked tensor for layers [3, 7, 11, 15, 19, 23, 27, 31] only. Tensor index i corresponds to original layer indices[i], not layer i. For explicit index mapping, use bridge.stack_params_for('attn', 'attn.W_O').
WARNING:root:Hybrid model: only 8/32 blocks resolve 'attn.W_O'. Returning stacked tensor for layers [3, 7, 11, 15, 19, 23, 27, 31] only. Tensor index i corresponds to original layer indices[i], not layer i. For explicit index mapping, use bridge.stack_params_for('attn', 'attn.W_O').
WARNING:root:Hybrid model: only 8/32 blocks resolve 'attn.W_O'. Returning stacked tensor for layers [3, 7, 11, 15, 19, 23, 27, 31] only. Tensor index i corresponds to original layer indices[i], not layer i. For explicit index mapping, use bridge.stack_params_for('attn', 'attn.W_O').
WARNING:root:Hybrid model: only 8/32 blocks resolve 'attn.W_O'. Returning stacked tensor for layers [3, 7, 11, 15, 19, 23, 27, 31] only. Tensor index i corresponds to original layer indices[i], not layer i. For explicit index mapping, use bridge.stack_params_for('attn', 'attn.W_O').
WARNING:root:Hybrid model: only 8/32 blocks resolve 'attn.W_O'. Returning stacked tensor for layers [3, 7, 11, 15, 19, 23, 27, 31] only. Tensor index i corresponds to original layer indices[i], not layer i. For explicit index mapping, use bridge.stack_params_for('attn', 'attn.W_O').
WARNING:root:Hybrid model: only 8/32 blocks resolve 'attn.W_O'. Returning stacked tensor for layers [3, 7, 11, 15, 19, 23, 27, 31] only. Tensor index i corresponds to original layer indices[i], not layer i. For explicit index mapping, use bridge.stack_params_for('attn', 'attn.W_O').
WARNING:root:Hybrid model: only 8/32 blocks resolve 'attn.W_O'. Returning stacked tensor for layers [3, 7, 11, 15, 19, 23, 27, 31] only. Tensor index i corresponds to original layer indices[i], not layer i. For explicit index mapping, use bridge.stack_params_for('attn', 'attn.W_O').
WARNING:root:Hybrid model: only 8/32 blocks resolve 'attn.W_O'. Returning stacked tensor for layers [3, 7, 11, 15, 19, 23, 27, 31] only. Tensor index i corresponds to original layer indices[i], not layer i. For explicit index mapping, use bridge.stack_params_for('attn', 'attn.W_O').
WARNING:root:Hybrid model: only 8/32 blocks resolve 'attn.W_O'. Returning stacked tensor for layers [3, 7, 11, 15, 19, 23, 27, 31] only. Tensor index i corresponds to original layer indices[i], not layer i. For explicit index mapping, use bridge.stack_params_for('attn', 'attn.W_O').
WARNING:root:Hybrid model: only 8/32 blocks resolve 'attn.W_O'. Returning stacked tensor for layers [3, 7, 11, 15, 19, 23, 27, 31] only. Tensor index i corresponds to original layer indices[i], not layer i. For explicit index mapping, use bridge.stack_params_for('attn', 'attn.W_O').
WARNING:root:Hybrid model: only 8/32 blocks resolve 'attn.W_O'. Returning stacked tensor for layers [3, 7, 11, 15, 19, 23, 27, 31] only. Tensor index i corresponds to original layer indices[i], not layer i. For explicit index mapping, use bridge.stack_params_for('attn', 'attn.W_O').
[q42] 31/59
WARNING:root:Hybrid model: only 8/32 blocks resolve 'attn.W_O'. Returning stacked tensor for layers [3, 7, 11, 15, 19, 23, 27, 31] only. Tensor index i corresponds to original layer indices[i], not layer i. For explicit index mapping, use bridge.stack_params_for('attn', 'attn.W_O').
WARNING:root:Hybrid model: only 8/32 blocks resolve 'attn.W_O'. Returning stacked tensor for layers [3, 7, 11, 15, 19, 23, 27, 31] only. Tensor index i corresponds to original layer indices[i], not layer i. For explicit index mapping, use bridge.stack_params_for('attn', 'attn.W_O').
WARNING:root:Hybrid model: only 8/32 blocks resolve 'attn.W_O'. Returning stacked tensor for layers [3, 7, 11, 15, 19, 23, 27, 31] only. Tensor index i corresponds to original layer indices[i], not layer i. For explicit index mapping, use bridge.stack_params_for('attn', 'attn.W_O').
WARNING:root:Hybrid model: only 8/32 blocks resolve 'attn.W_O'. Returning stacked tensor for layers [3, 7, 11, 15, 19, 23, 27, 31] only. Tensor index i corresponds to original layer indices[i], not layer i. For explicit index mapping, use bridge.stack_params_for('attn', 'attn.W_O').
WARNING:root:Hybrid model: only 8/32 blocks resolve 'attn.W_O'. Returning stacked tensor for layers [3, 7, 11, 15, 19, 23, 27, 31] only. Tensor index i corresponds to original layer indices[i], not layer i. For explicit index mapping, use bridge.stack_params_for('attn', 'attn.W_O').
WARNING:root:Hybrid model: only 8/32 blocks resolve 'attn.W_O'. Returning stacked tensor for layers [3, 7, 11, 15, 19, 23, 27, 31] only. Tensor index i corresponds to original layer indices[i], not layer i. For explicit index mapping, use bridge.stack_params_for('attn', 'attn.W_O').
WARNING:root:Hybrid model: only 8/32 blocks resolve 'attn.W_O'. Returning stacked tensor for layers [3, 7, 11, 15, 19, 23, 27, 31] only. Tensor index i corresponds to original layer indices[i], not layer i. For explicit index mapping, use bridge.stack_params_for('attn', 'attn.W_O').
WARNING:root:Hybrid model: only 8/32 blocks resolve 'attn.W_O'. Returning stacked tensor for layers [3, 7, 11, 15, 19, 23, 27, 31] only. Tensor index i corresponds to original layer indices[i], not layer i. For explicit index mapping, use bridge.stack_params_for('attn', 'attn.W_O').
WARNING:root:Hybrid model: only 8/32 blocks resolve 'attn.W_O'. Returning stacked tensor for layers [3, 7, 11, 15, 19, 23, 27, 31] only. Tensor index i corresponds to original layer indices[i], not layer i. For explicit index mapping, use bridge.stack_params_for('attn', 'attn.W_O').
WARNING:root:Hybrid model: only 8/32 blocks resolve 'attn.W_O'. Returning stacked tensor for layers [3, 7, 11, 15, 19, 23, 27, 31] only. Tensor index i corresponds to original layer indices[i], not layer i. For explicit index mapping, use bridge.stack_params_for('attn', 'attn.W_O').
WARNING:root:Hybrid model: only 8/32 blocks resolve 'attn.W_O'. Returning stacked tensor for layers [3, 7, 11, 15, 19, 23, 27, 31] only. Tensor index i corresponds to original layer indices[i], not layer i. For explicit index mapping, use bridge.stack_params_for('attn', 'attn.W_O').
WARNING:root:Hybrid model: only 8/32 blocks resolve 'attn.W_O'. Returning stacked tensor for layers [3, 7, 11, 15, 19, 23, 27, 31] only. Tensor index i corresponds to original layer indices[i], not layer i. For explicit index mapping, use bridge.stack_params_for('attn', 'attn.W_O').
WARNING:root:Hybrid model: only 8/32 blocks resolve 'attn.W_O'. Returning stacked tensor for layers [3, 7, 11, 15, 19, 23, 27, 31] only. Tensor index i corresponds to original layer indices[i], not layer i. For explicit index mapping, use bridge.stack_params_for('attn', 'attn.W_O').
WARNING:root:Hybrid model: only 8/32 blocks resolve 'attn.W_O'. Returning stacked tensor for layers [3, 7, 11, 15, 19, 23, 27, 31] only. Tensor index i corresponds to original layer indices[i], not layer i. For explicit index mapping, use bridge.stack_params_for('attn', 'attn.W_O').
WARNING:root:Hybrid model: only 8/32 blocks resolve 'attn.W_O'. Returning stacked tensor for layers [3, 7, 11, 15, 19, 23, 27, 31] only. Tensor index i corresponds to original layer indices[i], not layer i. For explicit index mapping, use bridge.stack_params_for('attn', 'attn.W_O').
WARNING:root:Hybrid model: only 8/32 blocks resolve 'attn.W_O'. Returning stacked tensor for layers [3, 7, 11, 15, 19, 23, 27, 31] only. Tensor index i corresponds to original layer indices[i], not layer i. For explicit index mapping, use bridge.stack_params_for('attn', 'attn.W_O').
WARNING:root:Hybrid model: only 8/32 blocks resolve 'attn.W_O'. Returning stacked tensor for layers [3, 7, 11, 15, 19, 23, 27, 31] only. Tensor index i corresponds to original layer indices[i], not layer i. For explicit index mapping, use bridge.stack_params_for('attn', 'attn.W_O').
WARNING:root:Hybrid model: only 8/32 blocks resolve 'attn.W_O'. Returning stacked tensor for layers [3, 7, 11, 15, 19, 23, 27, 31] only. Tensor index i corresponds to original layer indices[i], not layer i. For explicit index mapping, use bridge.stack_params_for('attn', 'attn.W_O').
WARNING:root:Hybrid model: only 8/32 blocks resolve 'attn.W_O'. Returning stacked tensor for layers [3, 7, 11, 15, 19, 23, 27, 31] only. Tensor index i corresponds to original layer indices[i], not layer i. For explicit index mapping, use bridge.stack_params_for('attn', 'attn.W_O').
WARNING:root:Hybrid model: only 8/32 blocks resolve 'attn.W_O'. Returning stacked tensor for layers [3, 7, 11, 15, 19, 23, 27, 31] only. Tensor index i corresponds to original layer indices[i], not layer i. For explicit index mapping, use bridge.stack_params_for('attn', 'attn.W_O').
WARNING:root:Hybrid model: only 8/32 blocks resolve 'attn.W_O'. Returning stacked tensor for layers [3, 7, 11, 15, 19, 23, 27, 31] only. Tensor index i corresponds to original layer indices[i], not layer i. For explicit index mapping, use bridge.stack_params_for('attn', 'attn.W_O').
WARNING:root:Hybrid model: only 8/32 blocks resolve 'attn.W_O'. Returning stacked tensor for layers [3, 7, 11, 15, 19, 23, 27, 31] only. Tensor index i corresponds to original layer indices[i], not layer i. For explicit index mapping, use bridge.stack_params_for('attn', 'attn.W_O').
WARNING:root:Hybrid model: only 8/32 blocks resolve 'attn.W_O'. Returning stacked tensor for layers [3, 7, 11, 15, 19, 23, 27, 31] only. Tensor index i corresponds to original layer indices[i], not layer i. For explicit index mapping, use bridge.stack_params_for('attn', 'attn.W_O').
WARNING:root:Hybrid model: only 8/32 blocks resolve 'attn.W_O'. Returning stacked tensor for layers [3, 7, 11, 15, 19, 23, 27, 31] only. Tensor index i corresponds to original layer indices[i], not layer i. For explicit index mapping, use bridge.stack_params_for('attn', 'attn.W_O').
WARNING:root:Hybrid model: only 8/32 blocks resolve 'attn.W_O'. Returning stacked tensor for layers [3, 7, 11, 15, 19, 23, 27, 31] only. Tensor index i corresponds to original layer indices[i], not layer i. For explicit index mapping, use bridge.stack_params_for('attn', 'attn.W_O').
WARNING:root:Hybrid model: only 8/32 blocks resolve 'attn.W_O'. Returning stacked tensor for layers [3, 7, 11, 15, 19, 23, 27, 31] only. Tensor index i corresponds to original layer indices[i], not layer i. For explicit index mapping, use bridge.stack_params_for('attn', 'attn.W_O').
WARNING:root:Hybrid model: only 8/32 blocks resolve 'attn.W_O'. Returning stacked tensor for layers [3, 7, 11, 15, 19, 23, 27, 31] only. Tensor index i corresponds to original layer indices[i], not layer i. For explicit index mapping, use bridge.stack_params_for('attn', 'attn.W_O').
WARNING:root:Hybrid model: only 8/32 blocks resolve 'attn.W_O'. Returning stacked tensor for layers [3, 7, 11, 15, 19, 23, 27, 31] only. Tensor index i corresponds to original layer indices[i], not layer i. For explicit index mapping, use bridge.stack_params_for('attn', 'attn.W_O').
WARNING:root:Hybrid model: only 8/32 blocks resolve 'attn.W_O'. Returning stacked tensor for layers [3, 7, 11, 15, 19, 23, 27, 31] only. Tensor index i corresponds to original layer indices[i], not layer i. For explicit index mapping, use bridge.stack_params_for('attn', 'attn.W_O').
WARNING:root:Hybrid model: only 8/32 blocks resolve 'attn.W_O'. Returning stacked tensor for layers [3, 7, 11, 15, 19, 23, 27, 31] only. Tensor index i corresponds to original layer indices[i], not layer i. For explicit index mapping, use bridge.stack_params_for('attn', 'attn.W_O').
WARNING:root:Hybrid model: only 8/32 blocks resolve 'attn.W_O'. Returning stacked tensor for layers [3, 7, 11, 15, 19, 23, 27, 31] only. Tensor index i corresponds to original layer indices[i], not layer i. For explicit index mapping, use bridge.stack_params_for('attn', 'attn.W_O').
WARNING:root:Hybrid model: only 8/32 blocks resolve 'attn.W_O'. Returning stacked tensor for layers [3, 7, 11, 15, 19, 23, 27, 31] only. Tensor index i corresponds to original layer indices[i], not layer i. For explicit index mapping, use bridge.stack_params_for('attn', 'attn.W_O').
WARNING:root:Hybrid model: only 8/32 blocks resolve 'attn.W_O'. Returning stacked tensor for layers [3, 7, 11, 15, 19, 23, 27, 31] only. Tensor index i corresponds to original layer indices[i], not layer i. For explicit index mapping, use bridge.stack_params_for('attn', 'attn.W_O').
WARNING:root:Hybrid model: only 8/32 blocks resolve 'attn.W_O'. Returning stacked tensor for layers [3, 7, 11, 15, 19, 23, 27, 31] only. Tensor index i corresponds to original layer indices[i], not layer i. For explicit index mapping, use bridge.stack_params_for('attn', 'attn.W_O').
WARNING:root:Hybrid model: only 8/32 blocks resolve 'attn.W_O'. Returning stacked tensor for layers [3, 7, 11, 15, 19, 23, 27, 31] only. Tensor index i corresponds to original layer indices[i], not layer i. For explicit index mapping, use bridge.stack_params_for('attn', 'attn.W_O').
WARNING:root:Hybrid model: only 8/32 blocks resolve 'attn.W_O'. Returning stacked tensor for layers [3, 7, 11, 15, 19, 23, 27, 31] only. Tensor index i corresponds to original layer indices[i], not layer i. For explicit index mapping, use bridge.stack_params_for('attn', 'attn.W_O').
WARNING:root:Hybrid model: only 8/32 blocks resolve 'attn.W_O'. Returning stacked tensor for layers [3, 7, 11, 15, 19, 23, 27, 31] only. Tensor index i corresponds to original layer indices[i], not layer i. For explicit index mapping, use bridge.stack_params_for('attn', 'attn.W_O').
WARNING:root:Hybrid model: only 8/32 blocks resolve 'attn.W_O'. Returning stacked tensor for layers [3, 7, 11, 15, 19, 23, 27, 31] only. Tensor index i corresponds to original layer indices[i], not layer i. For explicit index mapping, use bridge.stack_params_for('attn', 'attn.W_O').
WARNING:root:Hybrid model: only 8/32 blocks resolve 'attn.W_O'. Returning stacked tensor for layers [3, 7, 11, 15, 19, 23, 27, 31] only. Tensor index i corresponds to original layer indices[i], not layer i. For explicit index mapping, use bridge.stack_params_for('attn', 'attn.W_O').
WARNING:root:Hybrid model: only 8/32 blocks resolve 'attn.W_O'. Returning stacked tensor for layers [3, 7, 11, 15, 19, 23, 27, 31] only. Tensor index i corresponds to original layer indices[i], not layer i. For explicit index mapping, use bridge.stack_params_for('attn', 'attn.W_O').
WARNING:root:Hybrid model: only 8/32 blocks resolve 'attn.W_O'. Returning stacked tensor for layers [3, 7, 11, 15, 19, 23, 27, 31] only. Tensor index i corresponds to original layer indices[i], not layer i. For explicit index mapping, use bridge.stack_params_for('attn', 'attn.W_O').
WARNING:root:Hybrid model: only 8/32 blocks resolve 'attn.W_O'. Returning stacked tensor for layers [3, 7, 11, 15, 19, 23, 27, 31] only. Tensor index i corresponds to original layer indices[i], not layer i. For explicit index mapping, use bridge.stack_params_for('attn', 'attn.W_O').
WARNING:root:Hybrid model: only 8/32 blocks resolve 'attn.W_O'. Returning stacked tensor for layers [3, 7, 11, 15, 19, 23, 27, 31] only. Tensor index i corresponds to original layer indices[i], not layer i. For explicit index mapping, use bridge.stack_params_for('attn', 'attn.W_O').
WARNING:root:Hybrid model: only 8/32 blocks resolve 'attn.W_O'. Returning stacked tensor for layers [3, 7, 11, 15, 19, 23, 27, 31] only. Tensor index i corresponds to original layer indices[i], not layer i. For explicit index mapping, use bridge.stack_params_for('attn', 'attn.W_O').
WARNING:root:Hybrid model: only 8/32 blocks resolve 'attn.W_O'. Returning stacked tensor for layers [3, 7, 11, 15, 19, 23, 27, 31] only. Tensor index i corresponds to original layer indices[i], not layer i. For explicit index mapping, use bridge.stack_params_for('attn', 'attn.W_O').
WARNING:root:Hybrid model: only 8/32 blocks resolve 'attn.W_O'. Returning stacked tensor for layers [3, 7, 11, 15, 19, 23, 27, 31] only. Tensor index i corresponds to original layer indices[i], not layer i. For explicit index mapping, use bridge.stack_params_for('attn', 'attn.W_O').
WARNING:root:Hybrid model: only 8/32 blocks resolve 'attn.W_O'. Returning stacked tensor for layers [3, 7, 11, 15, 19, 23, 27, 31] only. Tensor index i corresponds to original layer indices[i], not layer i. For explicit index mapping, use bridge.stack_params_for('attn', 'attn.W_O').
WARNING:root:Hybrid model: only 8/32 blocks resolve 'attn.W_O'. Returning stacked tensor for layers [3, 7, 11, 15, 19, 23, 27, 31] only. Tensor index i corresponds to original layer indices[i], not layer i. For explicit index mapping, use bridge.stack_params_for('attn', 'attn.W_O').
WARNING:root:Hybrid model: only 8/32 blocks resolve 'attn.W_O'. Returning stacked tensor for layers [3, 7, 11, 15, 19, 23, 27, 31] only. Tensor index i corresponds to original layer indices[i], not layer i. For explicit index mapping, use bridge.stack_params_for('attn', 'attn.W_O').
WARNING:root:Hybrid model: only 8/32 blocks resolve 'attn.W_O'. Returning stacked tensor for layers [3, 7, 11, 15, 19, 23, 27, 31] only. Tensor index i corresponds to original layer indices[i], not layer i. For explicit index mapping, use bridge.stack_params_for('attn', 'attn.W_O').
WARNING:root:Hybrid model: only 8/32 blocks resolve 'attn.W_O'. Returning stacked tensor for layers [3, 7, 11, 15, 19, 23, 27, 31] only. Tensor index i corresponds to original layer indices[i], not layer i. For explicit index mapping, use bridge.stack_params_for('attn', 'attn.W_O').
WARNING:root:Hybrid model: only 8/32 blocks resolve 'attn.W_O'. Returning stacked tensor for layers [3, 7, 11, 15, 19, 23, 27, 31] only. Tensor index i corresponds to original layer indices[i], not layer i. For explicit index mapping, use bridge.stack_params_for('attn', 'attn.W_O').
WARNING:root:Hybrid model: only 8/32 blocks resolve 'attn.W_O'. Returning stacked tensor for layers [3, 7, 11, 15, 19, 23, 27, 31] only. Tensor index i corresponds to original layer indices[i], not layer i. For explicit index mapping, use bridge.stack_params_for('attn', 'attn.W_O').
WARNING:root:Hybrid model: only 8/32 blocks resolve 'attn.W_O'. Returning stacked tensor for layers [3, 7, 11, 15, 19, 23, 27, 31] only. Tensor index i corresponds to original layer indices[i], not layer i. For explicit index mapping, use bridge.stack_params_for('attn', 'attn.W_O').
WARNING:root:Hybrid model: only 8/32 blocks resolve 'attn.W_O'. Returning stacked tensor for layers [3, 7, 11, 15, 19, 23, 27, 31] only. Tensor index i corresponds to original layer indices[i], not layer i. For explicit index mapping, use bridge.stack_params_for('attn', 'attn.W_O').
WARNING:root:Hybrid model: only 8/32 blocks resolve 'attn.W_O'. Returning stacked tensor for layers [3, 7, 11, 15, 19, 23, 27, 31] only. Tensor index i corresponds to original layer indices[i], not layer i. For explicit index mapping, use bridge.stack_params_for('attn', 'attn.W_O').
WARNING:root:Hybrid model: only 8/32 blocks resolve 'attn.W_O'. Returning stacked tensor for layers [3, 7, 11, 15, 19, 23, 27, 31] only. Tensor index i corresponds to original layer indices[i], not layer i. For explicit index mapping, use bridge.stack_params_for('attn', 'attn.W_O').
WARNING:root:Hybrid model: only 8/32 blocks resolve 'attn.W_O'. Returning stacked tensor for layers [3, 7, 11, 15, 19, 23, 27, 31] only. Tensor index i corresponds to original layer indices[i], not layer i. For explicit index mapping, use bridge.stack_params_for('attn', 'attn.W_O').
WARNING:root:Hybrid model: only 8/32 blocks resolve 'attn.W_O'. Returning stacked tensor for layers [3, 7, 11, 15, 19, 23, 27, 31] only. Tensor index i corresponds to original layer indices[i], not layer i. For explicit index mapping, use bridge.stack_params_for('attn', 'attn.W_O').
WARNING:root:Hybrid model: only 8/32 blocks resolve 'attn.W_O'. Returning stacked tensor for layers [3, 7, 11, 15, 19, 23, 27, 31] only. Tensor index i corresponds to original layer indices[i], not layer i. For explicit index mapping, use bridge.stack_params_for('attn', 'attn.W_O').
WARNING:root:Hybrid model: only 8/32 blocks resolve 'attn.W_O'. Returning stacked tensor for layers [3, 7, 11, 15, 19, 23, 27, 31] only. Tensor index i corresponds to original layer indices[i], not layer i. For explicit index mapping, use bridge.stack_params_for('attn', 'attn.W_O').
WARNING:root:Hybrid model: only 8/32 blocks resolve 'attn.W_O'. Returning stacked tensor for layers [3, 7, 11, 15, 19, 23, 27, 31] only. Tensor index i corresponds to original layer indices[i], not layer i. For explicit index mapping, use bridge.stack_params_for('attn', 'attn.W_O').
WARNING:root:Hybrid model: only 8/32 blocks resolve 'attn.W_O'. Returning stacked tensor for layers [3, 7, 11, 15, 19, 23, 27, 31] only. Tensor index i corresponds to original layer indices[i], not layer i. For explicit index mapping, use bridge.stack_params_for('attn', 'attn.W_O').
WARNING:root:Hybrid model: only 8/32 blocks resolve 'attn.W_O'. Returning stacked tensor for layers [3, 7, 11, 15, 19, 23, 27, 31] only. Tensor index i corresponds to original layer indices[i], not layer i. For explicit index mapping, use bridge.stack_params_for('attn', 'attn.W_O').
WARNING:root:Hybrid model: only 8/32 blocks resolve 'attn.W_O'. Returning stacked tensor for layers [3, 7, 11, 15, 19, 23, 27, 31] only. Tensor index i corresponds to original layer indices[i], not layer i. For explicit index mapping, use bridge.stack_params_for('attn', 'attn.W_O').
WARNING:root:Hybrid model: only 8/32 blocks resolve 'attn.W_O'. Returning stacked tensor for layers [3, 7, 11, 15, 19, 23, 27, 31] only. Tensor index i corresponds to original layer indices[i], not layer i. For explicit index mapping, use bridge.stack_params_for('attn', 'attn.W_O').
WARNING:root:Hybrid model: only 8/32 blocks resolve 'attn.W_O'. Returning stacked tensor for layers [3, 7, 11, 15, 19, 23, 27, 31] only. Tensor index i corresponds to original layer indices[i], not layer i. For explicit index mapping, use bridge.stack_params_for('attn', 'attn.W_O').
WARNING:root:Hybrid model: only 8/32 blocks resolve 'attn.W_O'. Returning stacked tensor for layers [3, 7, 11, 15, 19, 23, 27, 31] only. Tensor index i corresponds to original layer indices[i], not layer i. For explicit index mapping, use bridge.stack_params_for('attn', 'attn.W_O').
WARNING:root:Hybrid model: only 8/32 blocks resolve 'attn.W_O'. Returning stacked tensor for layers [3, 7, 11, 15, 19, 23, 27, 31] only. Tensor index i corresponds to original layer indices[i], not layer i. For explicit index mapping, use bridge.stack_params_for('attn', 'attn.W_O').
WARNING:root:Hybrid model: only 8/32 blocks resolve 'attn.W_O'. Returning stacked tensor for layers [3, 7, 11, 15, 19, 23, 27, 31] only. Tensor index i corresponds to original layer indices[i], not layer i. For explicit index mapping, use bridge.stack_params_for('attn', 'attn.W_O').
WARNING:root:Hybrid model: only 8/32 blocks resolve 'attn.W_O'. Returning stacked tensor for layers [3, 7, 11, 15, 19, 23, 27, 31] only. Tensor index i corresponds to original layer indices[i], not layer i. For explicit index mapping, use bridge.stack_params_for('attn', 'attn.W_O').
WARNING:root:Hybrid model: only 8/32 blocks resolve 'attn.W_O'. Returning stacked tensor for layers [3, 7, 11, 15, 19, 23, 27, 31] only. Tensor index i corresponds to original layer indices[i], not layer i. For explicit index mapping, use bridge.stack_params_for('attn', 'attn.W_O').
WARNING:root:Hybrid model: only 8/32 blocks resolve 'attn.W_O'. Returning stacked tensor for layers [3, 7, 11, 15, 19, 23, 27, 31] only. Tensor index i corresponds to original layer indices[i], not layer i. For explicit index mapping, use bridge.stack_params_for('attn', 'attn.W_O').
WARNING:root:Hybrid model: only 8/32 blocks resolve 'attn.W_O'. Returning stacked tensor for layers [3, 7, 11, 15, 19, 23, 27, 31] only. Tensor index i corresponds to original layer indices[i], not layer i. For explicit index mapping, use bridge.stack_params_for('attn', 'attn.W_O').
WARNING:root:Hybrid model: only 8/32 blocks resolve 'attn.W_O'. Returning stacked tensor for layers [3, 7, 11, 15, 19, 23, 27, 31] only. Tensor index i corresponds to original layer indices[i], not layer i. For explicit index mapping, use bridge.stack_params_for('attn', 'attn.W_O').
WARNING:root:Hybrid model: only 8/32 blocks resolve 'attn.W_O'. Returning stacked tensor for layers [3, 7, 11, 15, 19, 23, 27, 31] only. Tensor index i corresponds to original layer indices[i], not layer i. For explicit index mapping, use bridge.stack_params_for('attn', 'attn.W_O').
WARNING:root:Hybrid model: only 8/32 blocks resolve 'attn.W_O'. Returning stacked tensor for layers [3, 7, 11, 15, 19, 23, 27, 31] only. Tensor index i corresponds to original layer indices[i], not layer i. For explicit index mapping, use bridge.stack_params_for('attn', 'attn.W_O').
WARNING:root:Hybrid model: only 8/32 blocks resolve 'attn.W_O'. Returning stacked tensor for layers [3, 7, 11, 15, 19, 23, 27, 31] only. Tensor index i corresponds to original layer indices[i], not layer i. For explicit index mapping, use bridge.stack_params_for('attn', 'attn.W_O').
WARNING:root:Hybrid model: only 8/32 blocks resolve 'attn.W_O'. Returning stacked tensor for layers [3, 7, 11, 15, 19, 23, 27, 31] only. Tensor index i corresponds to original layer indices[i], not layer i. For explicit index mapping, use bridge.stack_params_for('attn', 'attn.W_O').
WARNING:root:Hybrid model: only 8/32 blocks resolve 'attn.W_O'. Returning stacked tensor for layers [3, 7, 11, 15, 19, 23, 27, 31] only. Tensor index i corresponds to original layer indices[i], not layer i. For explicit index mapping, use bridge.stack_params_for('attn', 'attn.W_O').
[q42] 41/59
WARNING:root:Hybrid model: only 8/32 blocks resolve 'attn.W_O'. Returning stacked tensor for layers [3, 7, 11, 15, 19, 23, 27, 31] only. Tensor index i corresponds to original layer indices[i], not layer i. For explicit index mapping, use bridge.stack_params_for('attn', 'attn.W_O').
WARNING:root:Hybrid model: only 8/32 blocks resolve 'attn.W_O'. Returning stacked tensor for layers [3, 7, 11, 15, 19, 23, 27, 31] only. Tensor index i corresponds to original layer indices[i], not layer i. For explicit index mapping, use bridge.stack_params_for('attn', 'attn.W_O').
WARNING:root:Hybrid model: only 8/32 blocks resolve 'attn.W_O'. Returning stacked tensor for layers [3, 7, 11, 15, 19, 23, 27, 31] only. Tensor index i corresponds to original layer indices[i], not layer i. For explicit index mapping, use bridge.stack_params_for('attn', 'attn.W_O').
WARNING:root:Hybrid model: only 8/32 blocks resolve 'attn.W_O'. Returning stacked tensor for layers [3, 7, 11, 15, 19, 23, 27, 31] only. Tensor index i corresponds to original layer indices[i], not layer i. For explicit index mapping, use bridge.stack_params_for('attn', 'attn.W_O').
WARNING:root:Hybrid model: only 8/32 blocks resolve 'attn.W_O'. Returning stacked tensor for layers [3, 7, 11, 15, 19, 23, 27, 31] only. Tensor index i corresponds to original layer indices[i], not layer i. For explicit index mapping, use bridge.stack_params_for('attn', 'attn.W_O').
WARNING:root:Hybrid model: only 8/32 blocks resolve 'attn.W_O'. Returning stacked tensor for layers [3, 7, 11, 15, 19, 23, 27, 31] only. Tensor index i corresponds to original layer indices[i], not layer i. For explicit index mapping, use bridge.stack_params_for('attn', 'attn.W_O').
WARNING:root:Hybrid model: only 8/32 blocks resolve 'attn.W_O'. Returning stacked tensor for layers [3, 7, 11, 15, 19, 23, 27, 31] only. Tensor index i corresponds to original layer indices[i], not layer i. For explicit index mapping, use bridge.stack_params_for('attn', 'attn.W_O').
WARNING:root:Hybrid model: only 8/32 blocks resolve 'attn.W_O'. Returning stacked tensor for layers [3, 7, 11, 15, 19, 23, 27, 31] only. Tensor index i corresponds to original layer indices[i], not layer i. For explicit index mapping, use bridge.stack_params_for('attn', 'attn.W_O').
WARNING:root:Hybrid model: only 8/32 blocks resolve 'attn.W_O'. Returning stacked tensor for layers [3, 7, 11, 15, 19, 23, 27, 31] only. Tensor index i corresponds to original layer indices[i], not layer i. For explicit index mapping, use bridge.stack_params_for('attn', 'attn.W_O').
WARNING:root:Hybrid model: only 8/32 blocks resolve 'attn.W_O'. Returning stacked tensor for layers [3, 7, 11, 15, 19, 23, 27, 31] only. Tensor index i corresponds to original layer indices[i], not layer i. For explicit index mapping, use bridge.stack_params_for('attn', 'attn.W_O').
WARNING:root:Hybrid model: only 8/32 blocks resolve 'attn.W_O'. Returning stacked tensor for layers [3, 7, 11, 15, 19, 23, 27, 31] only. Tensor index i corresponds to original layer indices[i], not layer i. For explicit index mapping, use bridge.stack_params_for('attn', 'attn.W_O').
WARNING:root:Hybrid model: only 8/32 blocks resolve 'attn.W_O'. Returning stacked tensor for layers [3, 7, 11, 15, 19, 23, 27, 31] only. Tensor index i corresponds to original layer indices[i], not layer i. For explicit index mapping, use bridge.stack_params_for('attn', 'attn.W_O').
WARNING:root:Hybrid model: only 8/32 blocks resolve 'attn.W_O'. Returning stacked tensor for layers [3, 7, 11, 15, 19, 23, 27, 31] only. Tensor index i corresponds to original layer indices[i], not layer i. For explicit index mapping, use bridge.stack_params_for('attn', 'attn.W_O').
WARNING:root:Hybrid model: only 8/32 blocks resolve 'attn.W_O'. Returning stacked tensor for layers [3, 7, 11, 15, 19, 23, 27, 31] only. Tensor index i corresponds to original layer indices[i], not layer i. For explicit index mapping, use bridge.stack_params_for('attn', 'attn.W_O').
WARNING:root:Hybrid model: only 8/32 blocks resolve 'attn.W_O'. Returning stacked tensor for layers [3, 7, 11, 15, 19, 23, 27, 31] only. Tensor index i corresponds to original layer indices[i], not layer i. For explicit index mapping, use bridge.stack_params_for('attn', 'attn.W_O').
WARNING:root:Hybrid model: only 8/32 blocks resolve 'attn.W_O'. Returning stacked tensor for layers [3, 7, 11, 15, 19, 23, 27, 31] only. Tensor index i corresponds to original layer indices[i], not layer i. For explicit index mapping, use bridge.stack_params_for('attn', 'attn.W_O').
WARNING:root:Hybrid model: only 8/32 blocks resolve 'attn.W_O'. Returning stacked tensor for layers [3, 7, 11, 15, 19, 23, 27, 31] only. Tensor index i corresponds to original layer indices[i], not layer i. For explicit index mapping, use bridge.stack_params_for('attn', 'attn.W_O').
WARNING:root:Hybrid model: only 8/32 blocks resolve 'attn.W_O'. Returning stacked tensor for layers [3, 7, 11, 15, 19, 23, 27, 31] only. Tensor index i corresponds to original layer indices[i], not layer i. For explicit index mapping, use bridge.stack_params_for('attn', 'attn.W_O').
WARNING:root:Hybrid model: only 8/32 blocks resolve 'attn.W_O'. Returning stacked tensor for layers [3, 7, 11, 15, 19, 23, 27, 31] only. Tensor index i corresponds to original layer indices[i], not layer i. For explicit index mapping, use bridge.stack_params_for('attn', 'attn.W_O').
WARNING:root:Hybrid model: only 8/32 blocks resolve 'attn.W_O'. Returning stacked tensor for layers [3, 7, 11, 15, 19, 23, 27, 31] only. Tensor index i corresponds to original layer indices[i], not layer i. For explicit index mapping, use bridge.stack_params_for('attn', 'attn.W_O').
WARNING:root:Hybrid model: only 8/32 blocks resolve 'attn.W_O'. Returning stacked tensor for layers [3, 7, 11, 15, 19, 23, 27, 31] only. Tensor index i corresponds to original layer indices[i], not layer i. For explicit index mapping, use bridge.stack_params_for('attn', 'attn.W_O').
WARNING:root:Hybrid model: only 8/32 blocks resolve 'attn.W_O'. Returning stacked tensor for layers [3, 7, 11, 15, 19, 23, 27, 31] only. Tensor index i corresponds to original layer indices[i], not layer i. For explicit index mapping, use bridge.stack_params_for('attn', 'attn.W_O').
WARNING:root:Hybrid model: only 8/32 blocks resolve 'attn.W_O'. Returning stacked tensor for layers [3, 7, 11, 15, 19, 23, 27, 31] only. Tensor index i corresponds to original layer indices[i], not layer i. For explicit index mapping, use bridge.stack_params_for('attn', 'attn.W_O').
WARNING:root:Hybrid model: only 8/32 blocks resolve 'attn.W_O'. Returning stacked tensor for layers [3, 7, 11, 15, 19, 23, 27, 31] only. Tensor index i corresponds to original layer indices[i], not layer i. For explicit index mapping, use bridge.stack_params_for('attn', 'attn.W_O').
WARNING:root:Hybrid model: only 8/32 blocks resolve 'attn.W_O'. Returning stacked tensor for layers [3, 7, 11, 15, 19, 23, 27, 31] only. Tensor index i corresponds to original layer indices[i], not layer i. For explicit index mapping, use bridge.stack_params_for('attn', 'attn.W_O').
WARNING:root:Hybrid model: only 8/32 blocks resolve 'attn.W_O'. Returning stacked tensor for layers [3, 7, 11, 15, 19, 23, 27, 31] only. Tensor index i corresponds to original layer indices[i], not layer i. For explicit index mapping, use bridge.stack_params_for('attn', 'attn.W_O').
WARNING:root:Hybrid model: only 8/32 blocks resolve 'attn.W_O'. Returning stacked tensor for layers [3, 7, 11, 15, 19, 23, 27, 31] only. Tensor index i corresponds to original layer indices[i], not layer i. For explicit index mapping, use bridge.stack_params_for('attn', 'attn.W_O').
WARNING:root:Hybrid model: only 8/32 blocks resolve 'attn.W_O'. Returning stacked tensor for layers [3, 7, 11, 15, 19, 23, 27, 31] only. Tensor index i corresponds to original layer indices[i], not layer i. For explicit index mapping, use bridge.stack_params_for('attn', 'attn.W_O').
WARNING:root:Hybrid model: only 8/32 blocks resolve 'attn.W_O'. Returning stacked tensor for layers [3, 7, 11, 15, 19, 23, 27, 31] only. Tensor index i corresponds to original layer indices[i], not layer i. For explicit index mapping, use bridge.stack_params_for('attn', 'attn.W_O').
WARNING:root:Hybrid model: only 8/32 blocks resolve 'attn.W_O'. Returning stacked tensor for layers [3, 7, 11, 15, 19, 23, 27, 31] only. Tensor index i corresponds to original layer indices[i], not layer i. For explicit index mapping, use bridge.stack_params_for('attn', 'attn.W_O').
WARNING:root:Hybrid model: only 8/32 blocks resolve 'attn.W_O'. Returning stacked tensor for layers [3, 7, 11, 15, 19, 23, 27, 31] only. Tensor index i corresponds to original layer indices[i], not layer i. For explicit index mapping, use bridge.stack_params_for('attn', 'attn.W_O').
WARNING:root:Hybrid model: only 8/32 blocks resolve 'attn.W_O'. Returning stacked tensor for layers [3, 7, 11, 15, 19, 23, 27, 31] only. Tensor index i corresponds to original layer indices[i], not layer i. For explicit index mapping, use bridge.stack_params_for('attn', 'attn.W_O').
WARNING:root:Hybrid model: only 8/32 blocks resolve 'attn.W_O'. Returning stacked tensor for layers [3, 7, 11, 15, 19, 23, 27, 31] only. Tensor index i corresponds to original layer indices[i], not layer i. For explicit index mapping, use bridge.stack_params_for('attn', 'attn.W_O').
WARNING:root:Hybrid model: only 8/32 blocks resolve 'attn.W_O'. Returning stacked tensor for layers [3, 7, 11, 15, 19, 23, 27, 31] only. Tensor index i corresponds to original layer indices[i], not layer i. For explicit index mapping, use bridge.stack_params_for('attn', 'attn.W_O').
WARNING:root:Hybrid model: only 8/32 blocks resolve 'attn.W_O'. Returning stacked tensor for layers [3, 7, 11, 15, 19, 23, 27, 31] only. Tensor index i corresponds to original layer indices[i], not layer i. For explicit index mapping, use bridge.stack_params_for('attn', 'attn.W_O').
WARNING:root:Hybrid model: only 8/32 blocks resolve 'attn.W_O'. Returning stacked tensor for layers [3, 7, 11, 15, 19, 23, 27, 31] only. Tensor index i corresponds to original layer indices[i], not layer i. For explicit index mapping, use bridge.stack_params_for('attn', 'attn.W_O').
WARNING:root:Hybrid model: only 8/32 blocks resolve 'attn.W_O'. Returning stacked tensor for layers [3, 7, 11, 15, 19, 23, 27, 31] only. Tensor index i corresponds to original layer indices[i], not layer i. For explicit index mapping, use bridge.stack_params_for('attn', 'attn.W_O').
WARNING:root:Hybrid model: only 8/32 blocks resolve 'attn.W_O'. Returning stacked tensor for layers [3, 7, 11, 15, 19, 23, 27, 31] only. Tensor index i corresponds to original layer indices[i], not layer i. For explicit index mapping, use bridge.stack_params_for('attn', 'attn.W_O').
WARNING:root:Hybrid model: only 8/32 blocks resolve 'attn.W_O'. Returning stacked tensor for layers [3, 7, 11, 15, 19, 23, 27, 31] only. Tensor index i corresponds to original layer indices[i], not layer i. For explicit index mapping, use bridge.stack_params_for('attn', 'attn.W_O').
WARNING:root:Hybrid model: only 8/32 blocks resolve 'attn.W_O'. Returning stacked tensor for layers [3, 7, 11, 15, 19, 23, 27, 31] only. Tensor index i corresponds to original layer indices[i], not layer i. For explicit index mapping, use bridge.stack_params_for('attn', 'attn.W_O').
WARNING:root:Hybrid model: only 8/32 blocks resolve 'attn.W_O'. Returning stacked tensor for layers [3, 7, 11, 15, 19, 23, 27, 31] only. Tensor index i corresponds to original layer indices[i], not layer i. For explicit index mapping, use bridge.stack_params_for('attn', 'attn.W_O').
WARNING:root:Hybrid model: only 8/32 blocks resolve 'attn.W_O'. Returning stacked tensor for layers [3, 7, 11, 15, 19, 23, 27, 31] only. Tensor index i corresponds to original layer indices[i], not layer i. For explicit index mapping, use bridge.stack_params_for('attn', 'attn.W_O').
WARNING:root:Hybrid model: only 8/32 blocks resolve 'attn.W_O'. Returning stacked tensor for layers [3, 7, 11, 15, 19, 23, 27, 31] only. Tensor index i corresponds to original layer indices[i], not layer i. For explicit index mapping, use bridge.stack_params_for('attn', 'attn.W_O').
WARNING:root:Hybrid model: only 8/32 blocks resolve 'attn.W_O'. Returning stacked tensor for layers [3, 7, 11, 15, 19, 23, 27, 31] only. Tensor index i corresponds to original layer indices[i], not layer i. For explicit index mapping, use bridge.stack_params_for('attn', 'attn.W_O').
WARNING:root:Hybrid model: only 8/32 blocks resolve 'attn.W_O'. Returning stacked tensor for layers [3, 7, 11, 15, 19, 23, 27, 31] only. Tensor index i corresponds to original layer indices[i], not layer i. For explicit index mapping, use bridge.stack_params_for('attn', 'attn.W_O').
WARNING:root:Hybrid model: only 8/32 blocks resolve 'attn.W_O'. Returning stacked tensor for layers [3, 7, 11, 15, 19, 23, 27, 31] only. Tensor index i corresponds to original layer indices[i], not layer i. For explicit index mapping, use bridge.stack_params_for('attn', 'attn.W_O').
WARNING:root:Hybrid model: only 8/32 blocks resolve 'attn.W_O'. Returning stacked tensor for layers [3, 7, 11, 15, 19, 23, 27, 31] only. Tensor index i corresponds to original layer indices[i], not layer i. For explicit index mapping, use bridge.stack_params_for('attn', 'attn.W_O').
WARNING:root:Hybrid model: only 8/32 blocks resolve 'attn.W_O'. Returning stacked tensor for layers [3, 7, 11, 15, 19, 23, 27, 31] only. Tensor index i corresponds to original layer indices[i], not layer i. For explicit index mapping, use bridge.stack_params_for('attn', 'attn.W_O').
WARNING:root:Hybrid model: only 8/32 blocks resolve 'attn.W_O'. Returning stacked tensor for layers [3, 7, 11, 15, 19, 23, 27, 31] only. Tensor index i corresponds to original layer indices[i], not layer i. For explicit index mapping, use bridge.stack_params_for('attn', 'attn.W_O').
WARNING:root:Hybrid model: only 8/32 blocks resolve 'attn.W_O'. Returning stacked tensor for layers [3, 7, 11, 15, 19, 23, 27, 31] only. Tensor index i corresponds to original layer indices[i], not layer i. For explicit index mapping, use bridge.stack_params_for('attn', 'attn.W_O').
WARNING:root:Hybrid model: only 8/32 blocks resolve 'attn.W_O'. Returning stacked tensor for layers [3, 7, 11, 15, 19, 23, 27, 31] only. Tensor index i corresponds to original layer indices[i], not layer i. For explicit index mapping, use bridge.stack_params_for('attn', 'attn.W_O').
WARNING:root:Hybrid model: only 8/32 blocks resolve 'attn.W_O'. Returning stacked tensor for layers [3, 7, 11, 15, 19, 23, 27, 31] only. Tensor index i corresponds to original layer indices[i], not layer i. For explicit index mapping, use bridge.stack_params_for('attn', 'attn.W_O').
WARNING:root:Hybrid model: only 8/32 blocks resolve 'attn.W_O'. Returning stacked tensor for layers [3, 7, 11, 15, 19, 23, 27, 31] only. Tensor index i corresponds to original layer indices[i], not layer i. For explicit index mapping, use bridge.stack_params_for('attn', 'attn.W_O').
WARNING:root:Hybrid model: only 8/32 blocks resolve 'attn.W_O'. Returning stacked tensor for layers [3, 7, 11, 15, 19, 23, 27, 31] only. Tensor index i corresponds to original layer indices[i], not layer i. For explicit index mapping, use bridge.stack_params_for('attn', 'attn.W_O').
WARNING:root:Hybrid model: only 8/32 blocks resolve 'attn.W_O'. Returning stacked tensor for layers [3, 7, 11, 15, 19, 23, 27, 31] only. Tensor index i corresponds to original layer indices[i], not layer i. For explicit index mapping, use bridge.stack_params_for('attn', 'attn.W_O').
WARNING:root:Hybrid model: only 8/32 blocks resolve 'attn.W_O'. Returning stacked tensor for layers [3, 7, 11, 15, 19, 23, 27, 31] only. Tensor index i corresponds to original layer indices[i], not layer i. For explicit index mapping, use bridge.stack_params_for('attn', 'attn.W_O').
WARNING:root:Hybrid model: only 8/32 blocks resolve 'attn.W_O'. Returning stacked tensor for layers [3, 7, 11, 15, 19, 23, 27, 31] only. Tensor index i corresponds to original layer indices[i], not layer i. For explicit index mapping, use bridge.stack_params_for('attn', 'attn.W_O').
WARNING:root:Hybrid model: only 8/32 blocks resolve 'attn.W_O'. Returning stacked tensor for layers [3, 7, 11, 15, 19, 23, 27, 31] only. Tensor index i corresponds to original layer indices[i], not layer i. For explicit index mapping, use bridge.stack_params_for('attn', 'attn.W_O').
WARNING:root:Hybrid model: only 8/32 blocks resolve 'attn.W_O'. Returning stacked tensor for layers [3, 7, 11, 15, 19, 23, 27, 31] only. Tensor index i corresponds to original layer indices[i], not layer i. For explicit index mapping, use bridge.stack_params_for('attn', 'attn.W_O').
WARNING:root:Hybrid model: only 8/32 blocks resolve 'attn.W_O'. Returning stacked tensor for layers [3, 7, 11, 15, 19, 23, 27, 31] only. Tensor index i corresponds to original layer indices[i], not layer i. For explicit index mapping, use bridge.stack_params_for('attn', 'attn.W_O').
WARNING:root:Hybrid model: only 8/32 blocks resolve 'attn.W_O'. Returning stacked tensor for layers [3, 7, 11, 15, 19, 23, 27, 31] only. Tensor index i corresponds to original layer indices[i], not layer i. For explicit index mapping, use bridge.stack_params_for('attn', 'attn.W_O').
WARNING:root:Hybrid model: only 8/32 blocks resolve 'attn.W_O'. Returning stacked tensor for layers [3, 7, 11, 15, 19, 23, 27, 31] only. Tensor index i corresponds to original layer indices[i], not layer i. For explicit index mapping, use bridge.stack_params_for('attn', 'attn.W_O').
WARNING:root:Hybrid model: only 8/32 blocks resolve 'attn.W_O'. Returning stacked tensor for layers [3, 7, 11, 15, 19, 23, 27, 31] only. Tensor index i corresponds to original layer indices[i], not layer i. For explicit index mapping, use bridge.stack_params_for('attn', 'attn.W_O').
WARNING:root:Hybrid model: only 8/32 blocks resolve 'attn.W_O'. Returning stacked tensor for layers [3, 7, 11, 15, 19, 23, 27, 31] only. Tensor index i corresponds to original layer indices[i], not layer i. For explicit index mapping, use bridge.stack_params_for('attn', 'attn.W_O').
WARNING:root:Hybrid model: only 8/32 blocks resolve 'attn.W_O'. Returning stacked tensor for layers [3, 7, 11, 15, 19, 23, 27, 31] only. Tensor index i corresponds to original layer indices[i], not layer i. For explicit index mapping, use bridge.stack_params_for('attn', 'attn.W_O').
WARNING:root:Hybrid model: only 8/32 blocks resolve 'attn.W_O'. Returning stacked tensor for layers [3, 7, 11, 15, 19, 23, 27, 31] only. Tensor index i corresponds to original layer indices[i], not layer i. For explicit index mapping, use bridge.stack_params_for('attn', 'attn.W_O').
WARNING:root:Hybrid model: only 8/32 blocks resolve 'attn.W_O'. Returning stacked tensor for layers [3, 7, 11, 15, 19, 23, 27, 31] only. Tensor index i corresponds to original layer indices[i], not layer i. For explicit index mapping, use bridge.stack_params_for('attn', 'attn.W_O').
WARNING:root:Hybrid model: only 8/32 blocks resolve 'attn.W_O'. Returning stacked tensor for layers [3, 7, 11, 15, 19, 23, 27, 31] only. Tensor index i corresponds to original layer indices[i], not layer i. For explicit index mapping, use bridge.stack_params_for('attn', 'attn.W_O').
WARNING:root:Hybrid model: only 8/32 blocks resolve 'attn.W_O'. Returning stacked tensor for layers [3, 7, 11, 15, 19, 23, 27, 31] only. Tensor index i corresponds to original layer indices[i], not layer i. For explicit index mapping, use bridge.stack_params_for('attn', 'attn.W_O').
WARNING:root:Hybrid model: only 8/32 blocks resolve 'attn.W_O'. Returning stacked tensor for layers [3, 7, 11, 15, 19, 23, 27, 31] only. Tensor index i corresponds to original layer indices[i], not layer i. For explicit index mapping, use bridge.stack_params_for('attn', 'attn.W_O').
WARNING:root:Hybrid model: only 8/32 blocks resolve 'attn.W_O'. Returning stacked tensor for layers [3, 7, 11, 15, 19, 23, 27, 31] only. Tensor index i corresponds to original layer indices[i], not layer i. For explicit index mapping, use bridge.stack_params_for('attn', 'attn.W_O').
WARNING:root:Hybrid model: only 8/32 blocks resolve 'attn.W_O'. Returning stacked tensor for layers [3, 7, 11, 15, 19, 23, 27, 31] only. Tensor index i corresponds to original layer indices[i], not layer i. For explicit index mapping, use bridge.stack_params_for('attn', 'attn.W_O').
WARNING:root:Hybrid model: only 8/32 blocks resolve 'attn.W_O'. Returning stacked tensor for layers [3, 7, 11, 15, 19, 23, 27, 31] only. Tensor index i corresponds to original layer indices[i], not layer i. For explicit index mapping, use bridge.stack_params_for('attn', 'attn.W_O').
WARNING:root:Hybrid model: only 8/32 blocks resolve 'attn.W_O'. Returning stacked tensor for layers [3, 7, 11, 15, 19, 23, 27, 31] only. Tensor index i corresponds to original layer indices[i], not layer i. For explicit index mapping, use bridge.stack_params_for('attn', 'attn.W_O').
WARNING:root:Hybrid model: only 8/32 blocks resolve 'attn.W_O'. Returning stacked tensor for layers [3, 7, 11, 15, 19, 23, 27, 31] only. Tensor index i corresponds to original layer indices[i], not layer i. For explicit index mapping, use bridge.stack_params_for('attn', 'attn.W_O').
WARNING:root:Hybrid model: only 8/32 blocks resolve 'attn.W_O'. Returning stacked tensor for layers [3, 7, 11, 15, 19, 23, 27, 31] only. Tensor index i corresponds to original layer indices[i], not layer i. For explicit index mapping, use bridge.stack_params_for('attn', 'attn.W_O').
WARNING:root:Hybrid model: only 8/32 blocks resolve 'attn.W_O'. Returning stacked tensor for layers [3, 7, 11, 15, 19, 23, 27, 31] only. Tensor index i corresponds to original layer indices[i], not layer i. For explicit index mapping, use bridge.stack_params_for('attn', 'attn.W_O').
WARNING:root:Hybrid model: only 8/32 blocks resolve 'attn.W_O'. Returning stacked tensor for layers [3, 7, 11, 15, 19, 23, 27, 31] only. Tensor index i corresponds to original layer indices[i], not layer i. For explicit index mapping, use bridge.stack_params_for('attn', 'attn.W_O').
WARNING:root:Hybrid model: only 8/32 blocks resolve 'attn.W_O'. Returning stacked tensor for layers [3, 7, 11, 15, 19, 23, 27, 31] only. Tensor index i corresponds to original layer indices[i], not layer i. For explicit index mapping, use bridge.stack_params_for('attn', 'attn.W_O').
WARNING:root:Hybrid model: only 8/32 blocks resolve 'attn.W_O'. Returning stacked tensor for layers [3, 7, 11, 15, 19, 23, 27, 31] only. Tensor index i corresponds to original layer indices[i], not layer i. For explicit index mapping, use bridge.stack_params_for('attn', 'attn.W_O').
[q42] 51/59
WARNING:root:Hybrid model: only 8/32 blocks resolve 'attn.W_O'. Returning stacked tensor for layers [3, 7, 11, 15, 19, 23, 27, 31] only. Tensor index i corresponds to original layer indices[i], not layer i. For explicit index mapping, use bridge.stack_params_for('attn', 'attn.W_O').
WARNING:root:Hybrid model: only 8/32 blocks resolve 'attn.W_O'. Returning stacked tensor for layers [3, 7, 11, 15, 19, 23, 27, 31] only. Tensor index i corresponds to original layer indices[i], not layer i. For explicit index mapping, use bridge.stack_params_for('attn', 'attn.W_O').
WARNING:root:Hybrid model: only 8/32 blocks resolve 'attn.W_O'. Returning stacked tensor for layers [3, 7, 11, 15, 19, 23, 27, 31] only. Tensor index i corresponds to original layer indices[i], not layer i. For explicit index mapping, use bridge.stack_params_for('attn', 'attn.W_O').
WARNING:root:Hybrid model: only 8/32 blocks resolve 'attn.W_O'. Returning stacked tensor for layers [3, 7, 11, 15, 19, 23, 27, 31] only. Tensor index i corresponds to original layer indices[i], not layer i. For explicit index mapping, use bridge.stack_params_for('attn', 'attn.W_O').
WARNING:root:Hybrid model: only 8/32 blocks resolve 'attn.W_O'. Returning stacked tensor for layers [3, 7, 11, 15, 19, 23, 27, 31] only. Tensor index i corresponds to original layer indices[i], not layer i. For explicit index mapping, use bridge.stack_params_for('attn', 'attn.W_O').
WARNING:root:Hybrid model: only 8/32 blocks resolve 'attn.W_O'. Returning stacked tensor for layers [3, 7, 11, 15, 19, 23, 27, 31] only. Tensor index i corresponds to original layer indices[i], not layer i. For explicit index mapping, use bridge.stack_params_for('attn', 'attn.W_O').
WARNING:root:Hybrid model: only 8/32 blocks resolve 'attn.W_O'. Returning stacked tensor for layers [3, 7, 11, 15, 19, 23, 27, 31] only. Tensor index i corresponds to original layer indices[i], not layer i. For explicit index mapping, use bridge.stack_params_for('attn', 'attn.W_O').
WARNING:root:Hybrid model: only 8/32 blocks resolve 'attn.W_O'. Returning stacked tensor for layers [3, 7, 11, 15, 19, 23, 27, 31] only. Tensor index i corresponds to original layer indices[i], not layer i. For explicit index mapping, use bridge.stack_params_for('attn', 'attn.W_O').
WARNING:root:Hybrid model: only 8/32 blocks resolve 'attn.W_O'. Returning stacked tensor for layers [3, 7, 11, 15, 19, 23, 27, 31] only. Tensor index i corresponds to original layer indices[i], not layer i. For explicit index mapping, use bridge.stack_params_for('attn', 'attn.W_O').
WARNING:root:Hybrid model: only 8/32 blocks resolve 'attn.W_O'. Returning stacked tensor for layers [3, 7, 11, 15, 19, 23, 27, 31] only. Tensor index i corresponds to original layer indices[i], not layer i. For explicit index mapping, use bridge.stack_params_for('attn', 'attn.W_O').
WARNING:root:Hybrid model: only 8/32 blocks resolve 'attn.W_O'. Returning stacked tensor for layers [3, 7, 11, 15, 19, 23, 27, 31] only. Tensor index i corresponds to original layer indices[i], not layer i. For explicit index mapping, use bridge.stack_params_for('attn', 'attn.W_O').
WARNING:root:Hybrid model: only 8/32 blocks resolve 'attn.W_O'. Returning stacked tensor for layers [3, 7, 11, 15, 19, 23, 27, 31] only. Tensor index i corresponds to original layer indices[i], not layer i. For explicit index mapping, use bridge.stack_params_for('attn', 'attn.W_O').
WARNING:root:Hybrid model: only 8/32 blocks resolve 'attn.W_O'. Returning stacked tensor for layers [3, 7, 11, 15, 19, 23, 27, 31] only. Tensor index i corresponds to original layer indices[i], not layer i. For explicit index mapping, use bridge.stack_params_for('attn', 'attn.W_O').
WARNING:root:Hybrid model: only 8/32 blocks resolve 'attn.W_O'. Returning stacked tensor for layers [3, 7, 11, 15, 19, 23, 27, 31] only. Tensor index i corresponds to original layer indices[i], not layer i. For explicit index mapping, use bridge.stack_params_for('attn', 'attn.W_O').
WARNING:root:Hybrid model: only 8/32 blocks resolve 'attn.W_O'. Returning stacked tensor for layers [3, 7, 11, 15, 19, 23, 27, 31] only. Tensor index i corresponds to original layer indices[i], not layer i. For explicit index mapping, use bridge.stack_params_for('attn', 'attn.W_O').
WARNING:root:Hybrid model: only 8/32 blocks resolve 'attn.W_O'. Returning stacked tensor for layers [3, 7, 11, 15, 19, 23, 27, 31] only. Tensor index i corresponds to original layer indices[i], not layer i. For explicit index mapping, use bridge.stack_params_for('attn', 'attn.W_O').
WARNING:root:Hybrid model: only 8/32 blocks resolve 'attn.W_O'. Returning stacked tensor for layers [3, 7, 11, 15, 19, 23, 27, 31] only. Tensor index i corresponds to original layer indices[i], not layer i. For explicit index mapping, use bridge.stack_params_for('attn', 'attn.W_O').
WARNING:root:Hybrid model: only 8/32 blocks resolve 'attn.W_O'. Returning stacked tensor for layers [3, 7, 11, 15, 19, 23, 27, 31] only. Tensor index i corresponds to original layer indices[i], not layer i. For explicit index mapping, use bridge.stack_params_for('attn', 'attn.W_O').
WARNING:root:Hybrid model: only 8/32 blocks resolve 'attn.W_O'. Returning stacked tensor for layers [3, 7, 11, 15, 19, 23, 27, 31] only. Tensor index i corresponds to original layer indices[i], not layer i. For explicit index mapping, use bridge.stack_params_for('attn', 'attn.W_O').
WARNING:root:Hybrid model: only 8/32 blocks resolve 'attn.W_O'. Returning stacked tensor for layers [3, 7, 11, 15, 19, 23, 27, 31] only. Tensor index i corresponds to original layer indices[i], not layer i. For explicit index mapping, use bridge.stack_params_for('attn', 'attn.W_O').
WARNING:root:Hybrid model: only 8/32 blocks resolve 'attn.W_O'. Returning stacked tensor for layers [3, 7, 11, 15, 19, 23, 27, 31] only. Tensor index i corresponds to original layer indices[i], not layer i. For explicit index mapping, use bridge.stack_params_for('attn', 'attn.W_O').
WARNING:root:Hybrid model: only 8/32 blocks resolve 'attn.W_O'. Returning stacked tensor for layers [3, 7, 11, 15, 19, 23, 27, 31] only. Tensor index i corresponds to original layer indices[i], not layer i. For explicit index mapping, use bridge.stack_params_for('attn', 'attn.W_O').
WARNING:root:Hybrid model: only 8/32 blocks resolve 'attn.W_O'. Returning stacked tensor for layers [3, 7, 11, 15, 19, 23, 27, 31] only. Tensor index i corresponds to original layer indices[i], not layer i. For explicit index mapping, use bridge.stack_params_for('attn', 'attn.W_O').
WARNING:root:Hybrid model: only 8/32 blocks resolve 'attn.W_O'. Returning stacked tensor for layers [3, 7, 11, 15, 19, 23, 27, 31] only. Tensor index i corresponds to original layer indices[i], not layer i. For explicit index mapping, use bridge.stack_params_for('attn', 'attn.W_O').
WARNING:root:Hybrid model: only 8/32 blocks resolve 'attn.W_O'. Returning stacked tensor for layers [3, 7, 11, 15, 19, 23, 27, 31] only. Tensor index i corresponds to original layer indices[i], not layer i. For explicit index mapping, use bridge.stack_params_for('attn', 'attn.W_O').
WARNING:root:Hybrid model: only 8/32 blocks resolve 'attn.W_O'. Returning stacked tensor for layers [3, 7, 11, 15, 19, 23, 27, 31] only. Tensor index i corresponds to original layer indices[i], not layer i. For explicit index mapping, use bridge.stack_params_for('attn', 'attn.W_O').
WARNING:root:Hybrid model: only 8/32 blocks resolve 'attn.W_O'. Returning stacked tensor for layers [3, 7, 11, 15, 19, 23, 27, 31] only. Tensor index i corresponds to original layer indices[i], not layer i. For explicit index mapping, use bridge.stack_params_for('attn', 'attn.W_O').
WARNING:root:Hybrid model: only 8/32 blocks resolve 'attn.W_O'. Returning stacked tensor for layers [3, 7, 11, 15, 19, 23, 27, 31] only. Tensor index i corresponds to original layer indices[i], not layer i. For explicit index mapping, use bridge.stack_params_for('attn', 'attn.W_O').
WARNING:root:Hybrid model: only 8/32 blocks resolve 'attn.W_O'. Returning stacked tensor for layers [3, 7, 11, 15, 19, 23, 27, 31] only. Tensor index i corresponds to original layer indices[i], not layer i. For explicit index mapping, use bridge.stack_params_for('attn', 'attn.W_O').
WARNING:root:Hybrid model: only 8/32 blocks resolve 'attn.W_O'. Returning stacked tensor for layers [3, 7, 11, 15, 19, 23, 27, 31] only. Tensor index i corresponds to original layer indices[i], not layer i. For explicit index mapping, use bridge.stack_params_for('attn', 'attn.W_O').
WARNING:root:Hybrid model: only 8/32 blocks resolve 'attn.W_O'. Returning stacked tensor for layers [3, 7, 11, 15, 19, 23, 27, 31] only. Tensor index i corresponds to original layer indices[i], not layer i. For explicit index mapping, use bridge.stack_params_for('attn', 'attn.W_O').
WARNING:root:Hybrid model: only 8/32 blocks resolve 'attn.W_O'. Returning stacked tensor for layers [3, 7, 11, 15, 19, 23, 27, 31] only. Tensor index i corresponds to original layer indices[i], not layer i. For explicit index mapping, use bridge.stack_params_for('attn', 'attn.W_O').
WARNING:root:Hybrid model: only 8/32 blocks resolve 'attn.W_O'. Returning stacked tensor for layers [3, 7, 11, 15, 19, 23, 27, 31] only. Tensor index i corresponds to original layer indices[i], not layer i. For explicit index mapping, use bridge.stack_params_for('attn', 'attn.W_O').
WARNING:root:Hybrid model: only 8/32 blocks resolve 'attn.W_O'. Returning stacked tensor for layers [3, 7, 11, 15, 19, 23, 27, 31] only. Tensor index i corresponds to original layer indices[i], not layer i. For explicit index mapping, use bridge.stack_params_for('attn', 'attn.W_O').
WARNING:root:Hybrid model: only 8/32 blocks resolve 'attn.W_O'. Returning stacked tensor for layers [3, 7, 11, 15, 19, 23, 27, 31] only. Tensor index i corresponds to original layer indices[i], not layer i. For explicit index mapping, use bridge.stack_params_for('attn', 'attn.W_O').
WARNING:root:Hybrid model: only 8/32 blocks resolve 'attn.W_O'. Returning stacked tensor for layers [3, 7, 11, 15, 19, 23, 27, 31] only. Tensor index i corresponds to original layer indices[i], not layer i. For explicit index mapping, use bridge.stack_params_for('attn', 'attn.W_O').
WARNING:root:Hybrid model: only 8/32 blocks resolve 'attn.W_O'. Returning stacked tensor for layers [3, 7, 11, 15, 19, 23, 27, 31] only. Tensor index i corresponds to original layer indices[i], not layer i. For explicit index mapping, use bridge.stack_params_for('attn', 'attn.W_O').
WARNING:root:Hybrid model: only 8/32 blocks resolve 'attn.W_O'. Returning stacked tensor for layers [3, 7, 11, 15, 19, 23, 27, 31] only. Tensor index i corresponds to original layer indices[i], not layer i. For explicit index mapping, use bridge.stack_params_for('attn', 'attn.W_O').
WARNING:root:Hybrid model: only 8/32 blocks resolve 'attn.W_O'. Returning stacked tensor for layers [3, 7, 11, 15, 19, 23, 27, 31] only. Tensor index i corresponds to original layer indices[i], not layer i. For explicit index mapping, use bridge.stack_params_for('attn', 'attn.W_O').
WARNING:root:Hybrid model: only 8/32 blocks resolve 'attn.W_O'. Returning stacked tensor for layers [3, 7, 11, 15, 19, 23, 27, 31] only. Tensor index i corresponds to original layer indices[i], not layer i. For explicit index mapping, use bridge.stack_params_for('attn', 'attn.W_O').
WARNING:root:Hybrid model: only 8/32 blocks resolve 'attn.W_O'. Returning stacked tensor for layers [3, 7, 11, 15, 19, 23, 27, 31] only. Tensor index i corresponds to original layer indices[i], not layer i. For explicit index mapping, use bridge.stack_params_for('attn', 'attn.W_O').
WARNING:root:Hybrid model: only 8/32 blocks resolve 'attn.W_O'. Returning stacked tensor for layers [3, 7, 11, 15, 19, 23, 27, 31] only. Tensor index i corresponds to original layer indices[i], not layer i. For explicit index mapping, use bridge.stack_params_for('attn', 'attn.W_O').
WARNING:root:Hybrid model: only 8/32 blocks resolve 'attn.W_O'. Returning stacked tensor for layers [3, 7, 11, 15, 19, 23, 27, 31] only. Tensor index i corresponds to original layer indices[i], not layer i. For explicit index mapping, use bridge.stack_params_for('attn', 'attn.W_O').
WARNING:root:Hybrid model: only 8/32 blocks resolve 'attn.W_O'. Returning stacked tensor for layers [3, 7, 11, 15, 19, 23, 27, 31] only. Tensor index i corresponds to original layer indices[i], not layer i. For explicit index mapping, use bridge.stack_params_for('attn', 'attn.W_O').
WARNING:root:Hybrid model: only 8/32 blocks resolve 'attn.W_O'. Returning stacked tensor for layers [3, 7, 11, 15, 19, 23, 27, 31] only. Tensor index i corresponds to original layer indices[i], not layer i. For explicit index mapping, use bridge.stack_params_for('attn', 'attn.W_O').
WARNING:root:Hybrid model: only 8/32 blocks resolve 'attn.W_O'. Returning stacked tensor for layers [3, 7, 11, 15, 19, 23, 27, 31] only. Tensor index i corresponds to original layer indices[i], not layer i. For explicit index mapping, use bridge.stack_params_for('attn', 'attn.W_O').
WARNING:root:Hybrid model: only 8/32 blocks resolve 'attn.W_O'. Returning stacked tensor for layers [3, 7, 11, 15, 19, 23, 27, 31] only. Tensor index i corresponds to original layer indices[i], not layer i. For explicit index mapping, use bridge.stack_params_for('attn', 'attn.W_O').
WARNING:root:Hybrid model: only 8/32 blocks resolve 'attn.W_O'. Returning stacked tensor for layers [3, 7, 11, 15, 19, 23, 27, 31] only. Tensor index i corresponds to original layer indices[i], not layer i. For explicit index mapping, use bridge.stack_params_for('attn', 'attn.W_O').
WARNING:root:Hybrid model: only 8/32 blocks resolve 'attn.W_O'. Returning stacked tensor for layers [3, 7, 11, 15, 19, 23, 27, 31] only. Tensor index i corresponds to original layer indices[i], not layer i. For explicit index mapping, use bridge.stack_params_for('attn', 'attn.W_O').
WARNING:root:Hybrid model: only 8/32 blocks resolve 'attn.W_O'. Returning stacked tensor for layers [3, 7, 11, 15, 19, 23, 27, 31] only. Tensor index i corresponds to original layer indices[i], not layer i. For explicit index mapping, use bridge.stack_params_for('attn', 'attn.W_O').
WARNING:root:Hybrid model: only 8/32 blocks resolve 'attn.W_O'. Returning stacked tensor for layers [3, 7, 11, 15, 19, 23, 27, 31] only. Tensor index i corresponds to original layer indices[i], not layer i. For explicit index mapping, use bridge.stack_params_for('attn', 'attn.W_O').
WARNING:root:Hybrid model: only 8/32 blocks resolve 'attn.W_O'. Returning stacked tensor for layers [3, 7, 11, 15, 19, 23, 27, 31] only. Tensor index i corresponds to original layer indices[i], not layer i. For explicit index mapping, use bridge.stack_params_for('attn', 'attn.W_O').
WARNING:root:Hybrid model: only 8/32 blocks resolve 'attn.W_O'. Returning stacked tensor for layers [3, 7, 11, 15, 19, 23, 27, 31] only. Tensor index i corresponds to original layer indices[i], not layer i. For explicit index mapping, use bridge.stack_params_for('attn', 'attn.W_O').
WARNING:root:Hybrid model: only 8/32 blocks resolve 'attn.W_O'. Returning stacked tensor for layers [3, 7, 11, 15, 19, 23, 27, 31] only. Tensor index i corresponds to original layer indices[i], not layer i. For explicit index mapping, use bridge.stack_params_for('attn', 'attn.W_O').
WARNING:root:Hybrid model: only 8/32 blocks resolve 'attn.W_O'. Returning stacked tensor for layers [3, 7, 11, 15, 19, 23, 27, 31] only. Tensor index i corresponds to original layer indices[i], not layer i. For explicit index mapping, use bridge.stack_params_for('attn', 'attn.W_O').
WARNING:root:Hybrid model: only 8/32 blocks resolve 'attn.W_O'. Returning stacked tensor for layers [3, 7, 11, 15, 19, 23, 27, 31] only. Tensor index i corresponds to original layer indices[i], not layer i. For explicit index mapping, use bridge.stack_params_for('attn', 'attn.W_O').
WARNING:root:Hybrid model: only 8/32 blocks resolve 'attn.W_O'. Returning stacked tensor for layers [3, 7, 11, 15, 19, 23, 27, 31] only. Tensor index i corresponds to original layer indices[i], not layer i. For explicit index mapping, use bridge.stack_params_for('attn', 'attn.W_O').
WARNING:root:Hybrid model: only 8/32 blocks resolve 'attn.W_O'. Returning stacked tensor for layers [3, 7, 11, 15, 19, 23, 27, 31] only. Tensor index i corresponds to original layer indices[i], not layer i. For explicit index mapping, use bridge.stack_params_for('attn', 'attn.W_O').
WARNING:root:Hybrid model: only 8/32 blocks resolve 'attn.W_O'. Returning stacked tensor for layers [3, 7, 11, 15, 19, 23, 27, 31] only. Tensor index i corresponds to original layer indices[i], not layer i. For explicit index mapping, use bridge.stack_params_for('attn', 'attn.W_O').
WARNING:root:Hybrid model: only 8/32 blocks resolve 'attn.W_O'. Returning stacked tensor for layers [3, 7, 11, 15, 19, 23, 27, 31] only. Tensor index i corresponds to original layer indices[i], not layer i. For explicit index mapping, use bridge.stack_params_for('attn', 'attn.W_O').
WARNING:root:Hybrid model: only 8/32 blocks resolve 'attn.W_O'. Returning stacked tensor for layers [3, 7, 11, 15, 19, 23, 27, 31] only. Tensor index i corresponds to original layer indices[i], not layer i. For explicit index mapping, use bridge.stack_params_for('attn', 'attn.W_O').
WARNING:root:Hybrid model: only 8/32 blocks resolve 'attn.W_O'. Returning stacked tensor for layers [3, 7, 11, 15, 19, 23, 27, 31] only. Tensor index i corresponds to original layer indices[i], not layer i. For explicit index mapping, use bridge.stack_params_for('attn', 'attn.W_O').
WARNING:root:Hybrid model: only 8/32 blocks resolve 'attn.W_O'. Returning stacked tensor for layers [3, 7, 11, 15, 19, 23, 27, 31] only. Tensor index i corresponds to original layer indices[i], not layer i. For explicit index mapping, use bridge.stack_params_for('attn', 'attn.W_O').
WARNING:root:Hybrid model: only 8/32 blocks resolve 'attn.W_O'. Returning stacked tensor for layers [3, 7, 11, 15, 19, 23, 27, 31] only. Tensor index i corresponds to original layer indices[i], not layer i. For explicit index mapping, use bridge.stack_params_for('attn', 'attn.W_O').
[block37] done
exit=0
